state,year,fent_gms,hydro_gms,oxy_gms
AK,2006,1564.526023033,73936.970520095,132344.307040532
AK,2007,1575.875488741,80968.42473250101,141050.065458328
AK,2008,1706.778671706,86069.80851688,153192.816393118
AK,2009,1646.58839996,89413.086367968,168255.904702429
AK,2010,1852.650594999,90779.457730392,174587.019593691
AK,2011,1841.80610395,96853.161019119,187115.033635251
AK,2012,1643.829465292,84502.932064054,178392.78052952798
AK,2013,1468.57789395,78908.763480515,168419.655792924
AK,2014,1381.8724153,77973.300261585,168251.993515079
AK,2015,1380.3910843,67942.673549184,175987.42301271
AK,2016,1348.46175525,74120.463854942,193238.762260991
AL,2006,15680.581497624,65062586.00173391,1538784.797981454
AL,2007,15557.296348736,23566872.61106369,2489940.588735335
AL,2008,17289.111181357,19712996.136232022,3571363.566110875
AL,2009,16308.967296843,22651390.762257792,13885873.514337096
AL,2010,18027.397868642,24522315.89150521,13359000.135659931
AL,2011,18360.032193602,37899458.55846181,30074574.19351261
AL,2012,18618.959375755,43790096.13029095,41430522.51853143
AL,2013,19609.422863418,42796570.90847762,42537397.37219112
AL,2014,20160.52117646,60709515.71844169,35630579.023513675
AL,2015,20994.798713532,40449275.4596336,30977560.646554325
AL,2016,27327.33696288,39523563.96144727,27580210.514791023
AR,2006,19604.392800827,1277662.622970368,2001683.922320894
AR,2007,26772.962174218,1522797.78431245,2012201.094693695
AR,2008,27395.80343399,1879203.007601058,2087977.039473052
AR,2009,21851.635054131,1890201.460892453,2553259.981933071
AR,2010,19324.931337345,2011880.478246799,2271911.612096307
AR,2011,21984.40040188,2276553.426313393,2342706.061478905
AR,2012,21996.365151351,2293950.856915395,2825803.555838667
AR,2013,17925.174287424,2218999.778854678,2955416.177132768
AR,2014,19960.248187293,2662134.495039003,3380631.879813773
AR,2015,19643.089306371,3706351.790285526,3254258.6268376485
AR,2016,17304.839330871,3459819.346506346,3122277.424635798
AZ,2006,20187.386748922,1132552.080616395,2201767.228662896
AZ,2007,21052.807770708,1219609.133403139,3042012.877455227
AZ,2008,21765.271858559,1474896.608159262,2823920.885351801
AZ,2009,19547.521496358,1629346.633127515,3263487.004168364
AZ,2010,20619.094968657,1660734.986576462,3669880.79144713
AZ,2011,20447.64643474,1842980.739814402,3978171.338233148
AZ,2012,20307.10802148,1793916.536789373,4259196.683431694
AZ,2013,19954.466891384,1726052.911454054,4465094.319340112
AZ,2014,19708.804130676,1546400.68165788,4183430.403495104
AZ,2015,20383.315923241,1133150.035438149,4097480.9246558314
AZ,2016,20165.883142908,1034989.726848774,3952509.449816503
CA,2006,1141092.91114834,406297532.2001669,11119856.856287384
CA,2007,990747.232322773,270644051.0054034,16000191.76417743
CA,2008,2935296.423610331,177795091.36039206,11072776.104042884
CA,2009,1710606.226425229,99142039.43773223,21945348.390991785
CA,2010,637417.549220228,70591717.22974971,31261424.184189644
CA,2011,580590.814087516,75921092.98041312,33365178.9899094
CA,2012,515154.371371985,75608223.42261961,34114501.22609471
CA,2013,412504.762582857,49995648.43963654,29106980.075905472
CA,2014,324394.65603629,44080418.75037353,10629724.619475748
CA,2015,268284.243122643,10008897.154346569,10008904.298369791
CA,2016,266527.467537882,8192095.020973149,8448542.442926895
CO,2006,354391.97756379,626928.376145981,1456949.024825993
CO,2007,344513.121153006,648615.821583438,2683337.029114323
CO,2008,80291.507030101,707965.57692301,1638548.480605863
CO,2009,36639.571525188,760347.571054078,1736145.702125084
CO,2010,198351.55985733203,762398.159114999,2043456.833970876
CO,2011,556924.538483211,1116928.204241499,2177920.442328462
CO,2012,834083.29264021,1420516.964338276,2278182.789084028
CO,2013,1451386.448862618,793667.952078518,2269665.212795179
CO,2014,41683.526618433,813486.597605846,2255788.5617164248
CO,2015,20944.004006922,755461.514254944,2332119.1515075653
CO,2016,16453.283690243,631510.101385022,2143577.575760043
CT,2006,14542.342251057,334456.547686704,2402709.472007483
CT,2007,12996.319441382,339641.528514959,1540143.157994584
CT,2008,13539.685304324,347472.750386426,1733525.956576663
CT,2009,12366.310932163,406407.635436218,1830623.256131674
CT,2010,12608.138138725,397914.060155302,1682195.2804832049
CT,2011,12130.76816655,444505.234433572,1735893.043223216
CT,2012,11832.557143756,405842.31967483,1852528.573095617
CT,2013,11407.954276998,369780.271904622,2037088.537206901
CT,2014,10926.425343882,275370.939836027,1983546.2825047509
CT,2015,10628.823503681,291128.70238548,1862717.0686970176
CT,2016,8903.29837575,236815.167139882,1540125.51175607
DC,2006,572.292852927,13716.339809915,58017.736793964
DC,2007,565.319884979,25208.708743345,62523.419689517
DC,2008,565.075155677,11312.685793495,61769.543056398
DC,2009,545.4481739,11680.211876627,70945.12914229
DC,2010,523.419858,11524.534281734,75691.948183646
DC,2011,567.5606885,12003.147233134,84389.69001017499
DC,2012,532.66390755,11896.462169425,84353.594190289
DC,2013,503.556221055,11644.302063564,82728.75990581099
DC,2014,475.05385005,10107.225782089,78092.094533943
DC,2015,444.92956235,7950.260565006,74579.2202153277
DC,2016,408.98299795,7137.245681327,67841.186643154
DE,2006,2379.460797112,539908123.32973,25356677.16335094
DE,2007,21563.761113786,14010878.313623922,37409673.18885055
DE,2008,17157.772985864,14223205.584758263,202132407.44567692
DE,2009,53828.784765464,18861827.25404764,26785458.87241287
DE,2010,17134.467715679,18141561.296123527,30984119.09400902
DE,2011,7443.267694,34679446.605573885,34455466.93828053
DE,2012,5029.295769126,39714400.54568978,382944165.03375673
DE,2013,58764.91607747,33435360.456158485,44750174.45855614
DE,2014,3062.33480585,450047199.2485758,76688834.40039481
DE,2015,1774.177007843,34457345.39113249,39387638.55332482
DE,2016,1644.96554975,26836854.728122786,40966100.67197944
FL,2006,197675982.5597053,268082526.1789576,96307826.44792303
FL,2007,6839859.030593305,165178392.81161633,14742916.33351657
FL,2008,282615293.51865804,84658192.35596977,19365951.265064582
FL,2009,918553.099088505,1284559341.656948,27358209.005051333
FL,2010,2642349393.5296497,615240805.4662235,34351529.320679404
FL,2011,122379344.35283236,9388582012.988302,8422799132.59044
FL,2012,476846964.9661971,637682282.7554702,14016883.357164117
FL,2013,3785441.187083179,25901408.66057885,2384966775.7273235
FL,2014,290656.95964232,2380703330.998078,46593023501.51271
FL,2015,361092.200336053,9636660.98493923,64440629952.4471
FL,2016,402748886.88378304,6895408.597814295,9950272203.687847
GA,2006,157603.752415988,720738358.6624304,28071323.61629701
GA,2007,205842.030186398,9969618.793713942,26010819.619877648
GA,2008,290338.906827512,14930185.99381392,20021170.673185017
GA,2009,239129.829229418,1181064064.2531695,22777987.897579264
GA,2010,297805.95197229,654829042.4658116,24294478.110007957
GA,2011,179621.02425014,9256618767.540384,21878161.359449737
GA,2012,163933.128368785,262776372.69893783,13924919.231866945
GA,2013,221401.43742603096,30635941.424038507,9636554.44061743
GA,2014,685014.663435332,41245987.24900082,50082743.34080689
GA,2015,284405.199683972,33304866.67594485,34368405.905344404
GA,2016,276798.375364259,22418379.00126305,20201412.00608424
HI,2006,2200.059564354,136924.303884451,280041.05002779
HI,2007,2506.550335031,147152.406640725,305690.447495279
HI,2008,2880.028989665,164666.18790966,346368.060642171
HI,2009,2537.09090129,175823.378554701,407448.964554667
HI,2010,2822.20252432,172375.844878757,443371.507250068
HI,2011,2860.0891256,173778.252449704,461204.62639482
HI,2012,2267.7694077,154321.668413981,464787.054612288
HI,2013,2087.763452498,148091.883103385,443245.744741851
HI,2014,2003.6712214,157814.713904603,399311.715597309
HI,2015,1848.0036996,158276.366394428,393676.9060868375
HI,2016,1611.69815445,139787.292994533,387943.328878841
IA,2006,20645.951894659,233688.186308859,210798.844604612
IA,2007,60801.395508739,270827.581905276,228267.23314344
IA,2008,33899.235149123,309078.947056918,239869.918450354
IA,2009,113315.482611936,331134.38867149403,236272.64300037496
IA,2010,124697.337062669,356903.677362512,254310.48998278
IA,2011,71158.123570713,391227.118302226,277885.96100287896
IA,2012,64211.692186388,443883.406563868,288731.762229813
IA,2013,196666.63695225,397495.633867804,265037.070661533
IA,2014,46418.76013714,526070.4685603679,266697.03335967
IA,2015,57945.286555850005,504671.350850596,267929.257756873
IA,2016,115383.950257322,590524.09610754,483494.619842153
ID,2006,1931.223682742,180622.097051823,118734.333915058
ID,2007,2073.824775135,184938.367230901,138164.595058584
ID,2008,2215.111371799,197249.552242298,157474.904395335
ID,2009,2309.73126258,209750.017191184,171690.208491657
ID,2010,2686.586548779,246189.531722874,189286.24252053
ID,2011,2754.470112425,270483.293596096,211430.440017154
ID,2012,2984.372164242,281065.267668973,237441.370286156
ID,2013,2893.044800827,279487.219187847,247914.667040653
ID,2014,2925.727611754,276407.532537668,264971.863667702
ID,2015,2937.841046876,259408.862556109,268305.346502171
ID,2016,2728.960997776,245772.920185053,256679.12221003295
IL,2006,44613.711599226,24156760.60226913,2088448.132558348
IL,2007,82164.759107177,28148153.367171902,2503325.885278443
IL,2008,109734.505396164,28592767.160098616,2476855.030064537
IL,2009,178940.089605188,33207916.247294363,7101192.880833253
IL,2010,391134.246958143,33511836.96324368,12948296.615527416
IL,2011,449751.67257401,34367237.13551607,15803713.758562384
IL,2012,26960704.177399192,35211875.29960568,15357367.892480746
IL,2013,350737.99851142097,26102430.912421446,28555619.47911778
IL,2014,245459.619329517,27988086.436365224,19724606.722212315
IL,2015,235609.982986021,70618446.66101184,28039611.78455476
IL,2016,231781.473167758,17596387.028740384,22423264.076388624
IN,2006,13951.12049616,2501000.813598793,919531.204998262
IN,2007,15911.337643336,2751927.471764135,800111.1770375089
IN,2008,25617.489593586,2972221.470846526,824942.4184815229
IN,2009,30351.369166612,3387308.674727126,912700.114655034
IN,2010,578724.406720525,3485802.918895271,1334278.137876037
IN,2011,43375.852879661,4787391.179181559,1224417.734823904
IN,2012,63792.375610771,4424163.002436003,1300066.4231974198
IN,2013,21627.081373022,4163089.935588172,1187169.644673722
IN,2014,17584.406475535,2688031.648157357,1159613.382517516
IN,2015,18042.5904915,1240966.794271935,1416470.7748236605
IN,2016,28693.435092781,2406652.884754128,7399800.5225344
KS,2006,4895.317626053,376328.909447358,314675.940148588
KS,2007,5431.883289565,503048.588477082,362951.776606874
KS,2008,5722.487485181,491234.482932691,386532.304895632
KS,2009,5772.546189333,410618.428566577,405483.33124737296
KS,2010,6099.530629136,434940.852044243,436946.618891056
KS,2011,6175.345749361,470836.180862309,482483.024991052
KS,2012,6705.241995679,487198.983718295,497745.918952706
KS,2013,6016.034657032,473132.851864004,487421.628190108
KS,2014,6289.37709417,444927.169948586,513567.570127914
KS,2015,6542.4451828500005,391724.994965524,539886.265194335
KS,2016,5686.382087346,363584.592437658,531597.5392896342
KY,2006,11548.805819373,1610453.352583799,880432.975766961
KY,2007,12339.176203402,1878746.1697177049,1268318.0819083329
KY,2008,176052.782184452,4213148.850159325,1199966.644936508
KY,2009,215113.119262723,3353327.487331729,1471132.272797429
KY,2010,293640.34487076,2733429.603856305,13463399.124498298
KY,2011,241224.76697157,3613193.649481141,22438911.88810833
KY,2012,198116.234381142,2756633.966593058,23655296.16009245
KY,2013,205259.70856376,2541798.784813948,7676244.189269972
KY,2014,142848.153818144,2544441.976193554,5588728.840711104
KY,2015,158265.399344211,2237413.4097977174,6758606.080632106
KY,2016,187359.091377809,2070456.164237216,6990875.2783619445
LA,2006,13019.577105784,1550609.008414063,951888.646905242
LA,2007,13329.988363368,1475645.893289682,1070371.434444397
LA,2008,15819.691171444,1656525.039302804,1133382.374465036
LA,2009,13600.469630234,1617903.11826377,1317855.103410111
LA,2010,15074.060780605,1675400.5006267389,1401079.218230641
LA,2011,13835.062973696,1875644.56487381,1628278.231283147
LA,2012,14559.181492644,1918593.321850949,1575658.59655485
LA,2013,13873.724048405,1856126.743977242,1814047.474949352
LA,2014,15107.656674911,1827166.059222432,1620315.738897061
LA,2015,14125.494658021,1326589.3873154677,1760130.59546123
LA,2016,12802.99580172,1399469.010682064,1737628.72054745
MA,2006,23226.528710323,384060.230816983,2652319.3309259107
MA,2007,23751.232723091,407953.479772529,3241671.933524399
MA,2008,23926.002734017,430689.955060595,3246835.251554466
MA,2009,24721.533387687,461972.583263786,3490199.397263722
MA,2010,29236.833937761,428035.523339033,3594674.200060627
MA,2011,29270.72060145,460098.539149518,3725946.421148703
MA,2012,28749.08635768,441081.02466487,3813655.929128183
MA,2013,24679.35549102,417705.283013322,4202362.309260802
MA,2014,50375.917031315,586158.713624516,4002216.461229836
MA,2015,22963.180393253,633801.940388477,3844092.9145570975
MA,2016,18234.944429967,524914.226142592,3216755.071723477
MD,2006,14809.909057352,1720507.224994426,4878152.589638523
MD,2007,16317.488849892,1806977.967715128,2298576.776967489
MD,2008,16454.559164222,1934109.579896219,2147748.893216818
MD,2009,17262.553000689,112875072.13643564,2455025.58612789
MD,2010,21377.207422577,1507114.858151912,2936816.118088895
MD,2011,18041.774167169,1782947.281223943,3248266.412440033
MD,2012,12269.499710428,1642655.020329284,1904307.601316852
MD,2013,11285.316915573,1633403.79758194,1578963.511615238
MD,2014,9442.77367245,994346.904832847,1542307.952552897
MD,2015,12493.451238065,182922.273262933,1489587.65092828
MD,2016,8837.577590213,215751.114339923,1737100.3224317527
ME,2006,2087.438689658,107594.0157462,277731.214983094
ME,2007,2177.163707889,115568.667150195,314754.450757005
ME,2008,2323.567437652,119929.552733348,335909.259720791
ME,2009,2362.81868562,122642.213687055,355831.778673591
ME,2010,2681.780693574,127446.837693195,388635.533371606
ME,2011,2649.8620821,133314.449352088,398195.652512924
ME,2012,2648.862291593,132918.717986523,387097.574918625
ME,2013,2484.05280875,121617.070276364,360506.500327282
ME,2014,2473.86273389,114490.263965541,343925.593311535
ME,2015,2391.691006703,101373.809196087,331118.658865103
ME,2016,2099.547114572,84142.82333575201,283393.78466508497
MI,2006,38635.454609863,2036695.486720901,1490057.4188564229
MI,2007,95424.860272059,2230192.848479539,1841034.072329822
MI,2008,5753105.22306131,2579202.0150981448,2111750.584107708
MI,2009,9924515.371675177,3247743.453687124,3123668.923052513
MI,2010,741564.755251217,3090485.130074151,3965347.083669784
MI,2011,10257278.068883426,3164394.486873883,3533034.5931317178
MI,2012,155732.758482331,3820641.874535794,4530048.347963718
MI,2013,134591.822103484,4367632.566227846,6524985.192693027
MI,2014,64304.050884214,4668733.199398252,6800243.404433867
MI,2015,93682.808421025,5328568.378211378,5596357.991599917
MI,2016,47761.87385756,5781566.313650584,4699543.443236933
MN,2006,37047.569071711,425946.199155295,751577.798586538
MN,2007,15152.518331402,392359.190103577,815515.600376147
MN,2008,14698.67962468,437493.982695634,873496.2273797729
MN,2009,17619.417907773,1432781.32022194,954371.865407522
MN,2010,24778.291557125,619817.313271333,969725.093456974
MN,2011,13315.072866023,508406.570085859,1057780.025256443
MN,2012,12683.097651859,732582.659911787,1130373.671935698
MN,2013,33941.715112245,17779413.376856077,1263079.724534203
MN,2014,33787.353942029,571160.999202511,1307733.210503225
MN,2015,87050.700575824,584343.565313769,1391759.0176232755
MN,2016,144398.701419981,466232.373813604,1210521.0508311377
MO,2006,711302.18191579,30927010.951170757,83778608.71178812
MO,2007,986513.752205531,26567177.27562012,28247956.77951917
MO,2008,642410.106006534,23772556.13373975,49236077.28284084
MO,2009,991827.073911066,29438535.420185376,29714659.92953516
MO,2010,1050443.639910133,20458675.367533453,28113811.504076533
MO,2011,1264007.249524951,22258615.027156096,31483185.186835
MO,2012,1407959.759388888,42047719.56486472,28490415.76688304
MO,2013,1541329.02768306,24469345.283324767,23917669.596068423
MO,2014,1102126.5352182,19941714.54463454,22120569.043061
MO,2015,1271031.51099891,16923245.927688368,24416249.24898209
MO,2016,379811.152669181,18782997.7207612,25649648.78436464
MS,2006,8637.779897671,835907.677392456,354293.80198361
MS,2007,9498.716259551,897688.610052362,472164.367625909
MS,2008,15266.998784287,910126.349685512,1732980.37270064
MS,2009,8543.022734839,733607.029191261,452234.698934728
MS,2010,9492.197058649,802514.56443389,483085.532542524
MS,2011,9960.375794422,1014585.499179467,683743.212951941
MS,2012,24281.726015431,1977080.333441354,3824987.441071913
MS,2013,101060.734056535,11920114.247673422,26165490.39971232
MS,2014,147840.768999899,15319053.369312093,28400978.76021658
MS,2015,170868.791871673,18060013.826099876,27958111.95503317
MS,2016,167500.04183608,16230682.71047305,24221145.083346386
MT,2006,1586.720806544,97134.515202447,146651.207531713
MT,2007,1766.494138517,94860.211931208,163998.52216733
MT,2008,1885.833499995,102128.881548161,181050.746919101
MT,2009,1924.2569768,109707.526083495,184601.40832349495
MT,2010,1994.817832199,126292.890307503,190382.434367007
MT,2011,1969.585334791,137231.224415971,193036.923962398
MT,2012,2011.29305934,140360.059751672,204661.159332059
MT,2013,1880.23510526,135006.100755875,203004.463106846
MT,2014,1834.27190564,129714.004775028,203723.750738603
MT,2015,1777.9997315,122554.75028603,203090.54873822295
MT,2016,1633.1260565,115181.700120373,184821.130942592
NC,2006,354724.980416357,3214497.685137333,27602417.060273837
NC,2007,396860.990407445,3409568.803681363,22549458.797224514
NC,2008,257508174.49792087,4142481.072306237,62734022.71946531
NC,2009,389945.134497879,5241477.977808818,79313532.19436827
NC,2010,2059478209.6850812,4472558.432594286,88634946.6589634
NC,2011,2283374.344891869,5718270.381422515,75790672.19301277
NC,2012,372913.882504143,10613289.40239609,72039932.60459585
NC,2013,437997.800293327,7379738.864628292,2098506210.121183
NC,2014,316634.76069824,8319874.71344118,937881906.6279572
NC,2015,313633.811202213,4172684.369813466,64500154692.43987
NC,2016,249434.939686452,5987829.37869502,10004317210.7279
ND,2006,1581.338137127,55610.624179304,84024.914741581
ND,2007,1777.673720349,66930.346710569,94775.27499274
ND,2008,2115.285625485,81259.266340387,87631.581756863
ND,2009,1872.689757947,95069.527052252,94002.752634556
ND,2010,1969.1291403,100625.230153405,90639.455238944
ND,2011,2085.5792081,129663.329816707,100876.185919866
ND,2012,2174.15130754,104528.012926414,109944.96265138
ND,2013,2161.3991296,93969.695906389,113651.696637426
ND,2014,2210.0614055,93962.3964166,117141.894669758
ND,2015,2727.54419125,86630.172205184,118811.3562112055
ND,2016,1811.485074309,72921.983884708,102498.333466888
NE,2006,11802.865824359002,426329.555102287,8116802.417895018
NE,2007,19311.338853545,321147.098535646,5143893.827218934
NE,2008,10052.973588955,349607.076962169,5882260.197104367
NE,2009,12044.869925681,348964.762326842,7945550.742543966
NE,2010,6199.978399978,314262.043564856,7516258.820150924
NE,2011,5471.16186353,328415.15271224803,9240328.76034205
NE,2012,5204.711402906,289106.52685868,497111.23388525896
NE,2013,10668.09784232,317261.62894314,663490.490904592
NE,2014,5054.817091998,313346.731972828,373566.167920157
NE,2015,5227.0424084,341837.781180206,392278.7577099095
NE,2016,4275.858007625,287459.806068344,323141.5934575552
NH,2006,2291.851597792,59213.264324873,256730.912903967
NH,2007,2971.709058297,76089.131854468,368252.792576842
NH,2008,3338.261363048,81451.27098341301,426929.45535219
NH,2009,3495.840184825,88102.840512729,493858.098971257
NH,2010,3593.691492094,82982.667792778,504137.963922268
NH,2011,3417.412436751,84996.846625146,498083.832759075
NH,2012,3360.198879516,85721.91282248001,503316.620936109
NH,2013,3284.48163808,79472.189166439,499186.171920604
NH,2014,3169.404255874,77452.495505795,491815.345535906
NH,2015,2970.407528154,70243.721878057,494186.587476907
NH,2016,2481.635796897,54538.761667381004,382775.650422849
NJ,2006,2698208.677670467,17671343.591490094,19532270.265457176
NJ,2007,2173036.030128404,3302382.693272515,28134151.44185047
NJ,2008,1144330.043017932,3657960.778125324,31858330.708417907
NJ,2009,792688.499723784,5903719.442591338,27932214.497094013
NJ,2010,596190.077301586,8034880.593934917,37765991.42445598
NJ,2011,690583.395853843,11623685.284352249,36364094.4671101
NJ,2012,618925.900704401,13044722.827910056,44466886.30996756
NJ,2013,565182.288561114,9619136.239917042,67463158.70051311
NJ,2014,718789.7219848679,7600329.021346624,52901191.77792016
NJ,2015,746294.5172322349,14280011.149282131,74434730.34815106
NJ,2016,524790.939845415,21541306.09695752,53915676.0908488
NM,2006,2613.684856949,159165.094067423,289363.98681579
NM,2007,2484.118596604,167599.82662896402,311067.82334087
NM,2008,2622.318841427,188002.918140293,357215.91645749897
NM,2009,2736.645308557,207267.63870773,416671.117041243
NM,2010,2775.2719447,219954.145646936,490323.78362231
NM,2011,2808.9756929,230922.636433299,529067.410127033
NM,2012,2767.384511165,222013.165738061,521200.18825386296
NM,2013,2541.48789696,206727.124991717,452671.784434745
NM,2014,2619.400734885,194962.577796082,474732.306584271
NM,2015,2603.82739585,179120.145911502,476459.889721587
NM,2016,2271.841736058,162758.359316792,444779.99855579645
NV,2006,3792.728404705,652647.840609153,524074.747655444
NV,2007,4007.883953677,702907.543317558,628300.887717917
NV,2008,4504.28193098,715296.060555122,713263.23921027
NV,2009,4347.616138278,781668.164537288,778656.295792728
NV,2010,4671.03710416,864071.503186739,929256.055812406
NV,2011,4831.072897026,899810.970253895,1033169.55600786
NV,2012,4683.114889294,822828.213883921,1054795.872436193
NV,2013,4999.871757142,713146.250475457,858851.147982589
NV,2014,5170.2346017,599635.879390264,809098.734213808
NV,2015,4363.5173326,648562.833916453,812441.909937361
NV,2016,4488.178576468,434908.660116512,796548.921544562
NY,2006,150258.10909293802,62240623.14743716,58860075.20833194
NY,2007,129475.040817119,55227033.46112166,68327392.9412564
NY,2008,242902.646690138,66617537.47585745,88860267.44663529
NY,2009,151769.996638951,73136347.13870832,96695521.77647254
NY,2010,90033.631848478,56432107.16425666,82685238.22063176
NY,2011,181679.017897211,67432697.54962902,79710187.58681126
NY,2012,200872.748838748,72562268.19224916,81085436.46054895
NY,2013,294589.290249867,62083733.458345935,65635648.09655195
NY,2014,320053.74980148097,2424389588.859206,49559819.1240606
NY,2015,381854.975316153,52259940.2956253,54755211.00078592
NY,2016,375713.644185714,47350764.53763753,55442070.13726084
OH,2006,166609.201668222,8132956.57719679,24586827.494967178
OH,2007,251131.915805433,9494127.883372191,32901221.03760833
OH,2008,317143.339029914,9699873.23196838,36219570.17265785
OH,2009,326394.163244625,9369909.899337243,41983734.07413937
OH,2010,331287.998916346,9853755.485215152,41365988.74728207
OH,2011,310924.789733444,10035198.82552372,45295156.63011081
OH,2012,326744.712639335,13177513.201923266,69011064.97435956
OH,2013,301454.601085147,9454505.468513804,43977705.61314681
OH,2014,254840.375570559,12699011.255614623,32214603.29814125
OH,2015,258597.153435217,17811889.71207419,34735260.19512734
OH,2016,569527.455422705,15168649.614311429,37610385.905718185
OK,2006,14275.729372215,1145175.603160323,932030.927120577
OK,2007,14866.219374311,1273432.091025355,1045903.8800974848
OK,2008,16479.737375656,1432047.982223525,1222347.773436435
OK,2009,16485.056686216,1464863.202053922,1355981.40056981
OK,2010,16218.770576218,1453438.718438441,1475018.11054937
OK,2011,16978.45112918,1664233.265724983,1600384.851492341
OK,2012,17471.821905713,1609119.741050498,1622633.905804536
OK,2013,18973.786327581,1840082.902924777,1967202.585836569
OK,2014,21389.1724438,2026989.966403389,2282077.557521761
OK,2015,21169.88922015,1924116.2117620008,2362225.01738481
OK,2016,18109.603574496,1585559.205863409,1896651.498197778
OR,2006,10957.958010917,614714.471556927,1088946.730330383
OR,2007,11213.714679709,657207.551312512,1270900.629330717
OR,2008,12529.662609877,672818.89488164,1353180.0817523429
OR,2009,12478.557862872,737149.485516548,1406503.317639001
OR,2010,12852.631365859,782780.799229341,1481384.080840177
OR,2011,13326.70218242,857054.933425537,1554114.262522277
OR,2012,12098.04447154,769063.917554472,1483279.557522845
OR,2013,11543.700591809,754566.438222473,1468875.519634875
OR,2014,10637.511157246,853394.023770994,1437764.53287841
OR,2015,9653.697456043,753715.161777831,1422169.883316607
OR,2016,8715.366457751,797933.37088169,1392180.723966917
PA,2006,90363.911856081,4319096.941673007,14438216.83362096
PA,2007,148031.044309182,4573211.358471141,32454081.268567797
PA,2008,296952.461280277,4210647.912664921,14322308.009837275
PA,2009,275250.276637939,4738738.14268589,21430130.708980877
PA,2010,433885.59922277497,3949763.867166926,12482442.966953922
PA,2011,401580.67372975097,5276848.784158281,19092112.102429774
PA,2012,275540.173884745,8554007.46283326,23421749.072526887
PA,2013,210783.124434178,2122507147.080635,25327288.207491923
PA,2014,350532.084662574,6455636.756683668,38236540.5407868
PA,2015,339068.335396739,5730298.123092077,33166781.299720272
PA,2016,240446.559925274,3357066.874846436,33521418.660503365
RI,2006,2928.074765533,273166.50004905,7497030.44332383
RI,2007,1603.69734858,308964.11775482603,7996067.724555387
RI,2008,1490.187871445,462390.722979088,7711851.316302613
RI,2009,1429.378481194,518836.641083022,9240217.05852236
RI,2010,1525.641840393,531977.321451181,13808475.814937787
RI,2011,1427.160280931,737007.787581705,11853637.745417394
RI,2012,1363.832970577,467517.29396399,9056675.312996157
RI,2013,1270.232159963,868066.3205089149,2818432.999588788
RI,2014,1192.235707116,991997.835689352,5123940.164167056
RI,2015,1128.870750614,278844.303038236,5020578.621400909
RI,2016,1045.342626991,709065.0730410359,7857782.726760594
SC,2006,11827.646889738,1287519.368433461,934116.366729754
SC,2007,13416.128109445,1522076.631786244,1187458.072122931
SC,2008,15879.064225571,1856838.486904604,1416548.633838584
SC,2009,11894.94717449,2386487.726292946,1350485.441407662
SC,2010,10681.74420725,2272292.243994244,1284207.929042433
SC,2011,10977.3870084,2726183.736144485,1460752.879889229
SC,2012,10907.738649723,2541592.428255615,1588210.400136342
SC,2013,10518.729126119,2477263.7474487512,1439510.076617785
SC,2014,10133.73949802,1560946.768454994,1416565.2695814169
SC,2015,10077.68812367,1123225.711327621,1452583.176158811
SC,2016,9008.838335525,1242752.05582414,1441860.0880193976
SD,2006,1679.114818202,65419.55794134,92331.866860393
SD,2007,1766.167686001,65551.45312611401,100893.963843702
SD,2008,1631.982119557,66418.577690139,86676.390540725
SD,2009,1573.897856717,69538.567486656,88658.733961746
SD,2010,2043.577351856,73133.90802904,88411.56783078199
SD,2011,15841.474737784,79572.344468351,90016.964923878
SD,2012,1712.102035996,80009.334808349,86873.378594426
SD,2013,1734.682395596,82813.40148559,85421.304981932
SD,2014,1772.796031756,84895.465277603,105703.551828237
SD,2015,1693.418476774,79630.529627624,108438.761959287
SD,2016,1473.207357804,70293.864503506,86457.470709387
TN,2006,308341.779586741,12360774.111701343,29770670.021902304
TN,2007,731987.4889240611,13636943.004264249,33244951.81235113
TN,2008,257812.231292366,15851817.696365949,36714715.477335386
TN,2009,165021.324691048,17253011.46862666,35501556.709772505
TN,2010,211065.855230723,17104546.9143721,40306140.982272014
TN,2011,151491.593186872,179944176.38914248,43882584.68488031
TN,2012,474723519.2963326,178533890.32529458,40879343.94761448
TN,2013,130862.061230862,12587839.467109784,22789926.191902038
TN,2014,1971962.640715774,9225277.590080308,18095773.911544334
TN,2015,140455.361777624,14143582.965867722,21188936.833934613
TN,2016,196326.530713149,4428443.889309257,10965762.649076251
TX,2006,43387.189396029,6173683.700297237,1988113.298396738
TX,2007,50336.709012335,6927495.380871462,2306611.372175788
TX,2008,55048.128982732,6583624.463404574,2125993.059088449
TX,2009,51783.255293831,7478782.804849733,2428356.549791755
TX,2010,54607.342065668,8095930.510327257,2649691.5181580847
TX,2011,56240.438359401,9181153.082053946,2754400.846074637
TX,2012,60927.283906427,256090429.71466225,2844377.4572042287
TX,2013,58107.195874814,10354744.70055001,3039365.39343909
TX,2014,55348.253511609,39984640.43603722,2937865.222283994
TX,2015,56299.370181901,6339778.031248102,3142269.895485068
TX,2016,68394.168382493,6513149.461405835,3015209.606160403
UT,2006,242161.21871156,524232.867087659,1049810.983089133
UT,2007,169833.080129767,543787.456666065,1259371.63196864
UT,2008,357693.928395577,593729.605638252,1408403.1222077669
UT,2009,408854.99377342,618209.177091721,1352698.47933308
UT,2010,582509859.833337,636275.405774374,1362667.636819442
UT,2011,120924034.60573532,1795917.381139002,1378073.935126751
UT,2012,337190.506152537,1669592.709298244,1614822.73157197
UT,2013,317268.866885522,892355.50167159,1768420.645948185
UT,2014,431266.1973543,1330027.215422515,1957104.106748861
UT,2015,319052.01354,1506414.654748475,1933764.959574911
UT,2016,402517199.23409486,2563678.3346570786,1814252.903395862
VA,2006,45814.903487394,717743.045843874,1555547.763497677
VA,2007,38253.539317451,832211.367835246,1445276.299010619
VA,2008,138221.41163537398,750042.618648941,1401717.7673977478
VA,2009,46011.414506865,789767.315526996,1665738.996591992
VA,2010,27823.427417041,911426.66849857,2062053.857867105
VA,2011,23552.558198468,1019477.3649530192,1902949.866463594
VA,2012,22641.721942659,1003128.89058812,2855576.224969889
VA,2013,26335.157149109,995628.01880215,3911373.909594799
VA,2014,27122.321026635,1152663.6205578651,4965938.728855174
VA,2015,27396.959764801,1303006.54403274,4450981.428504539
VA,2016,23812.070680673,1315234.408414999,3613947.947285589
VT,2006,528322.235143939,37433.365841127,129336.10813285
VT,2007,594770.815954076,43124.163251016,145479.052535697
VT,2008,747175.4603386039,43377.603408783,178921.106929211
VT,2009,637313.056428274,64161.66781649,174140.165753085
VT,2010,581811.32155692,43748.97392048301,176888.577435085
VT,2011,656203.3476097271,46938.05186077101,206461.161789595
VT,2012,556371.33007974,46792.226465565,191657.37980436
VT,2013,717234.2456998801,42606.664702655,186056.462313325
VT,2014,566638.995374474,39324.498497735,154468.708330253
VT,2015,459358.268797242,35976.820957812,150882.54484346
VT,2016,369002.9832962,30777.874167982,143001.952422995
WA,2006,17609.044051784,949048.163808597,2248034.321053332
WA,2007,19041.704029303,1018897.819635984,2540129.602633298
WA,2008,16768.778313887,964816.347831858,2374888.220959936
WA,2009,19686.605045367,1103814.797459296,2845522.1235368447
WA,2010,21675.632450192,1136403.328917306,2824713.562814532
WA,2011,20157.575124419,1128604.316884393,2682407.940374222
WA,2012,19320.671540333,1199386.437428198,2676890.674025856
WA,2013,18781.759093929,1164714.365693867,2931356.999564877
WA,2014,18451.556112925,1361666.808353904,2962389.450038598
WA,2015,18188.177518482,1391720.829849232,3053400.495867044
WA,2016,15848.713725803,1212932.761799286,2758180.39131042
WI,2006,92790.501124461,1032781.547283978,1103378.315513382
WI,2007,22431.185785234,998775.731819172,1215133.197567305
WI,2008,42790.819115419,1382569.986008149,1320702.991949115
WI,2009,147385.858471784,1515960.1087188069,1837230.728532347
WI,2010,164316.673478835,2635625.521485707,2164015.762520486
WI,2011,96104.351263404,1969715.7192210297,2285351.174244622
WI,2012,72093.31713586401,2873614.886027499,2456618.730900328
WI,2013,255189.9713889,1794335.147378564,2046537.435828669
WI,2014,1780344.532585166,2137359.866863468,2003053.2310486909
WI,2015,191591.159074298,2143027.24992926,2796405.136435965
WI,2016,306280.100598621,1623063.779380556,2132306.476974301
WV,2006,45315.703695507,533498.882439461,954844.676148606
WV,2007,43614.354355322,612903.179790056,1135701.43245324
WV,2008,53821.900027027,688073.629973999,1701519.5492715528
WV,2009,34272.91805995,674314.7193192691,1537046.599327889
WV,2010,26667.967266763,716221.566651164,2206129.228924635
WV,2011,23662.715025516,751518.469998957,2195064.542381198
WV,2012,18392.223807976,725160.505608189,2359733.173568202
WV,2013,18871.846491616,641151.258544217,2397733.054993699
WV,2014,15245.36848826,773743.117042984,2315267.8668594942
WV,2015,14669.398377549,1166760.41315597,2216913.008668504
WV,2016,14678.90291545,1051862.999864668,1984761.951144756
WY,2006,197479003.7661939,48436.424891867,13525350.92108194
WY,2007,717.296422744,49649.860080316,99521.64927306
WY,2008,815.457062358,51772.957158588,95542.933015322
WY,2009,831.325469029,56917.21570976301,258358.159136314
WY,2010,866.011924487,58588.210946574,305745.280372179
WY,2011,1115.05639565,61402.111577506,175218.593752196
WY,2012,966.0080038,63176.03330168,244439.138311814
WY,2013,1089.2416722,68217.685914671,126316.170407189
WY,2014,883.2271248,69611.912751785,229390.28982836095
WY,2015,830.4514922,59762.238650186,146112.874861577
WY,2016,831.88354335,68203.054038865,143920.045291105
