state,year,hydro_gms,oxy_gms,fent_gms
AK,2000,27018.4,74395.72,613.26
AK,2001,32213.77,110300.16,613.26
AK,2002,35524.0,106095.595,722.8675000000001
AK,2003,38834.23,101891.03,832.475
AK,2004,42144.46000000001,97686.465,942.0825
AK,2005,45454.69,93481.9,1051.69
AK,2006,73936.970520095,132344.307040532,1564.526023033
AK,2007,80968.42473250101,141050.065458328,1575.875488741
AK,2008,86069.80851688,153192.816393118,1706.778671706
AK,2009,89413.086367968,168255.904702429,1646.58839996
AK,2010,90779.457730392,174587.019593691,1852.650594999
AK,2011,96853.161019119,187115.033635251,1841.80610395
AK,2012,84502.932064054,178392.78052952798,1643.829465292
AK,2013,78908.763480515,168419.655792924,1468.57789395
AK,2014,77973.300261585,168251.993515079,1381.8724153
AK,2015,67942.673549184,175987.42301271,1380.3910843
AK,2016,74120.463854942,193238.762260991,1348.46175525
WV,2000,152541.08,197056.02,1502.67
WV,2001,162813.45,198000.93,1502.67
WV,2002,205600.3575,215629.7125,2004.6725000000001
WV,2003,248387.265,233258.495,2506.675
WV,2004,291174.1725,250887.2775,3008.6775
WV,2005,333961.08,268516.06,3510.68
WV,2006,533498.882439461,954844.676148606,45315.703695507
WV,2007,612903.179790056,1135701.43245324,43614.354355322
WV,2008,688073.629973999,1701519.5492715528,53821.900027027
WV,2009,674314.7193192691,1537046.599327889,34272.91805995
WV,2010,716221.566651164,2206129.228924635,26667.967266763
WV,2011,751518.469998957,2195064.542381198,23662.715025516
WV,2012,725160.505608189,2359733.173568202,18392.223807976
WV,2013,641151.258544217,2397733.054993699,18871.846491616
WV,2014,773743.117042984,2315267.8668594942,15245.36848826
WV,2015,1166760.41315597,2216913.008668504,14669.398377549
WV,2016,1051862.999864668,1984761.951144756,14678.90291545
DE,2000,22179.56,79671.76,424.31
DE,2001,21223.48,90588.56,424.31
DE,2002,25068.6525,116306.8725,616.5150000000001
DE,2003,28913.824999999997,142025.185,808.72
DE,2004,32758.997499999998,167743.4975,1000.9250000000002
DE,2005,36604.17,193461.81,1193.13
DE,2006,539908123.32973,25356677.16335094,2379.460797112
DE,2007,14010878.313623922,37409673.18885055,21563.761113786
DE,2008,14223205.584758263,202132407.4456769,17157.772985864
DE,2009,18861827.25404764,26785458.87241287,53828.784765464
DE,2010,18141561.296123527,30984119.09400902,17134.467715679
DE,2011,34679446.605573885,34455466.93828053,7443.267694
DE,2012,39714400.54568978,382944165.03375673,5029.295769126
DE,2013,33435360.456158485,44750174.45855614,58764.91607747
DE,2014,450047199.2485758,76688834.40039481,3062.33480585
DE,2015,34457345.39113249,39387638.55332482,1774.177007843
DE,2016,26836854.728122786,40966100.67197944,1644.96554975
FL,2000,983039.12,1569180.46,13122.52
FL,2001,1104807.15,2057674.13,13122.52
FL,2002,1310178.16,2237840.7874999996,15599.19
FL,2003,1515549.17,2418007.445,18075.86
FL,2004,1720920.18,2598174.1025,20552.53
FL,2005,1926291.19,2778340.76,23029.2
FL,2006,268082526.1789576,96307826.44792303,197675982.5597053
FL,2007,165178392.81161633,14742916.33351657,6839859.030593305
FL,2008,84658192.35596977,19365951.265064582,282615293.51865804
FL,2009,1284559341.656948,27358209.005051333,918553.099088505
FL,2010,615240805.4662235,34351529.320679404,2642349393.5296497
FL,2011,9388582012.988302,8422799132.59044,122379344.35283236
FL,2012,637682282.7554702,14016883.357164117,476846964.9661971
FL,2013,25901408.66057885,2384966775.7273235,3785441.187083179
FL,2014,2380703330.998078,46593023501.51271,290656.95964232
FL,2015,9636660.98493923,64440629952.4471,361092.200336053
FL,2016,6895408.597814295,9950272203.687847,402748886.88378304
CT,2000,99110.22,338763.08,2779.74
CT,2001,91926.12,413680.41,2779.74
CT,2002,103500.06,458769.695,3603.25
CT,2003,115074.0,503858.98,4426.76
CT,2004,126647.94,548948.265,5250.2699999999995
CT,2005,138221.88,594037.55,6073.78
CT,2006,334456.547686704,2402709.472007483,14542.342251057
CT,2007,339641.528514959,1540143.157994584,12996.319441382
CT,2008,347472.750386426,1733525.956576663,13539.685304324
CT,2009,406407.635436218,1830623.256131674,12366.310932163
CT,2010,397914.060155302,1682195.2804832049,12608.138138725
CT,2011,444505.234433572,1735893.043223216,12130.76816655
CT,2012,405842.31967483,1852528.573095617,11832.557143756
CT,2013,369780.271904622,2037088.537206901,11407.954276998
CT,2014,275370.939836027,1983546.2825047509,10926.425343882
CT,2015,291128.70238548,1862717.0686970176,10628.823503681
CT,2016,236815.167139882,1540125.51175607,8903.29837575
ME,2000,42044.97,127801.0,1357.8
ME,2001,46794.74,142149.39,1357.8
ME,2002,57452.135,161020.495,1459.2875
ME,2003,68109.53,179891.6,1560.775
ME,2004,78766.925,198762.70500000002,1662.2625
ME,2005,89424.32,217633.81,1763.75
ME,2006,107594.0157462,277731.214983094,2087.438689658
ME,2007,115568.667150195,314754.450757005,2177.163707889
ME,2008,119929.552733348,335909.259720791,2323.567437652
ME,2009,122642.213687055,355831.778673591,2362.81868562
ME,2010,127446.837693195,388635.533371606,2681.780693574
ME,2011,133314.449352088,398195.652512924,2649.8620821
ME,2012,132918.717986523,387097.574918625,2648.862291593
ME,2013,121617.070276364,360506.500327282,2484.05280875
ME,2014,114490.263965541,343925.593311535,2473.86273389
ME,2015,101373.809196087,331118.658865103,2391.691006703
ME,2016,84142.82333575201,283393.78466508497,2099.547114572
NH,2000,29761.25,122670.29,806.36
NH,2001,30666.28,140763.94,806.36
NH,2002,35037.15,152764.975,1016.485
NH,2003,39408.020000000004,164766.01,1226.61
NH,2004,43778.89,176767.04499999998,1436.735
NH,2005,48149.76,188768.08,1646.86
NH,2006,59213.264324873,256730.912903967,2291.851597792
NH,2007,76089.131854468,368252.792576842,2971.709058297
NH,2008,81451.27098341301,426929.45535219,3338.261363048
NH,2009,88102.840512729,493858.098971257,3495.840184825
NH,2010,82982.667792778,504137.963922268,3593.691492094
NH,2011,84996.846625146,498083.832759075,3417.412436751
NH,2012,85721.91282248001,503316.620936109,3360.198879516
NH,2013,79472.189166439,499186.171920604,3284.48163808
NH,2014,77452.495505795,491815.345535906,3169.404255874
NH,2015,70243.721878057,494186.587476907,2970.407528154
NH,2016,54538.761667381004,382775.650422849,2481.635796897
MA,2000,146662.77,561173.7,4664.02
MA,2001,138495.53,680654.73,4664.02
MA,2002,156794.115,752890.0449999999,5420.7675
MA,2003,175092.7,825125.36,6177.515
MA,2004,193391.285,897360.675,6934.262500000001
MA,2005,211689.87,969595.99,7691.01
MA,2006,384060.230816983,2652319.3309259107,23226.528710323
MA,2007,407953.479772529,3241671.933524399,23751.232723091
MA,2008,430689.955060595,3246835.251554466,23926.002734017
MA,2009,461972.583263786,3490199.397263722,24721.533387687
MA,2010,428035.523339033,3594674.200060627,29236.833937761
MA,2011,460098.539149518,3725946.421148703,29270.72060145
MA,2012,441081.02466487,3813655.929128183,28749.08635768
MA,2013,417705.283013322,4202362.309260802,24679.35549102
MA,2014,586158.713624516,4002216.461229836,50375.917031315
MA,2015,633801.940388477,3844092.9145570975,22963.180393253
MA,2016,524914.226142592,3216755.071723477,18234.944429967
PA,2000,435758.02,1099714.8,11751.29
PA,2001,453428.69,1307892.32,11751.29
PA,2002,528207.51,1461901.53,14993.460000000001
PA,2003,602986.33,1615910.74,18235.63
PA,2004,677765.1499999999,1769919.95,21477.800000000003
PA,2005,752543.97,1923929.16,24719.97
PA,2006,4319096.941673007,14438216.83362096,90363.911856081
PA,2007,4573211.358471141,32454081.2685678,148031.044309182
PA,2008,4210647.912664921,14322308.009837275,296952.461280277
PA,2009,4738738.14268589,21430130.70898088,275250.276637939
PA,2010,3949763.867166926,12482442.966953922,433885.59922277497
PA,2011,5276848.784158281,19092112.102429774,401580.67372975097
PA,2012,8554007.46283326,23421749.072526887,275540.173884745
PA,2013,2122507147.080635,25327288.207491923,210783.124434178
PA,2014,6455636.756683668,38236540.5407868,350532.084662574
PA,2015,5730298.123092077,33166781.299720272,339068.335396739
PA,2016,3357066.874846436,33521418.660503365,240446.559925274
MD,2000,134888.11,469707.6,3393.19
MD,2001,118729.3,583856.11,3393.19
MD,2002,146374.495,652688.1525,4526.422500000001
MD,2003,174019.69,721520.1950000001,5659.655000000001
MD,2004,201664.885,790352.2375,6792.887500000001
MD,2005,229310.08,859184.28,7926.12
MD,2006,1720507.224994426,4878152.589638523,14809.909057352
MD,2007,1806977.967715128,2298576.776967489,16317.488849892
MD,2008,1934109.579896219,2147748.893216818,16454.559164222
MD,2009,112875072.13643564,2455025.58612789,17262.553000689
MD,2010,1507114.858151912,2936816.118088895,21377.207422577
MD,2011,1782947.281223943,3248266.412440033,18041.774167169
MD,2012,1642655.020329284,1904307.601316852,12269.499710428
MD,2013,1633403.79758194,1578963.511615238,11285.316915573
MD,2014,994346.904832847,1542307.952552897,9442.77367245
MD,2015,182922.273262933,1489587.65092828,12493.451238065
MD,2016,215751.114339923,1737100.3224317527,8837.577590213
MO,2000,240812.4,485477.47,3839.91
MO,2001,278225.8,775970.86,3839.91
MO,2002,337327.0025,890126.3075,5196.827499999999
MO,2003,396428.20499999996,1004281.7549999999,6553.745
MO,2004,455529.4075,1118437.2025,7910.6625
MO,2005,514630.61,1232592.65,9267.58
MO,2006,30927010.95117076,83778608.71178812,711302.18191579
MO,2007,26567177.27562012,28247956.77951917,986513.752205531
MO,2008,23772556.13373975,49236077.28284084,642410.106006534
MO,2009,29438535.420185376,29714659.92953516,991827.073911066
MO,2010,20458675.367533453,28113811.504076533,1050443.639910133
MO,2011,22258615.027156096,31483185.186835,1264007.249524951
MO,2012,42047719.56486472,28490415.76688304,1407959.759388888
MO,2013,24469345.283324767,23917669.596068423,1541329.02768306
MO,2014,19941714.54463454,22120569.043061,1102126.5352182
MO,2015,16923245.927688368,24416249.24898209,1271031.51099891
MO,2016,18782997.7207612,25649648.78436464,379811.152669181
KY,2000,392861.73,327028.42,2726.71
KY,2001,454493.38,345813.18,2726.71
KY,2002,520224.72250000003,365081.98,3512.705
KY,2003,585956.065,384350.78,4298.7
KY,2004,651687.4075,403619.58,5084.695
KY,2005,717418.75,422888.38,5870.69
KY,2006,1610453.352583799,880432.975766961,11548.805819373
KY,2007,1878746.1697177049,1268318.0819083329,12339.176203402
KY,2008,4213148.850159325,1199966.644936508,176052.782184452
KY,2009,3353327.487331729,1471132.272797429,215113.119262723
KY,2010,2733429.603856305,13463399.124498298,293640.34487076
KY,2011,3613193.649481141,22438911.88810833,241224.76697157
KY,2012,2756633.966593058,23655296.16009245,198116.234381142
KY,2013,2541798.784813948,7676244.189269972,205259.70856376
KY,2014,2544441.976193554,5588728.840711104,142848.153818144
KY,2015,2237413.4097977174,6758606.080632106,158265.399344211
KY,2016,2070456.164237216,6990875.2783619445,187359.091377809
AZ,2000,209614.16,387639.97,2404.21
AZ,2001,252079.63,533489.49,2404.21
AZ,2002,289072.51,636439.965,4061.3374999999996
AZ,2003,326065.39,739390.44,5718.465
AZ,2004,363058.27,842340.915,7375.5925
AZ,2005,400051.15,945291.39,9032.72
AZ,2006,1132552.080616395,2201767.228662896,20187.386748922
AZ,2007,1219609.133403139,3042012.877455227,21052.807770708
AZ,2008,1474896.608159262,2823920.885351801,21765.271858559
AZ,2009,1629346.633127515,3263487.004168364,19547.521496358
AZ,2010,1660734.986576462,3669880.79144713,20619.094968657
AZ,2011,1842980.739814402,3978171.338233148,20447.64643474
AZ,2012,1793916.536789373,4259196.683431694,20307.10802148
AZ,2013,1726052.911454054,4465094.319340112,19954.466891384
AZ,2014,1546400.68165788,4183430.403495104,19708.804130676
AZ,2015,1133150.035438149,4097480.924655832,20383.315923241
AZ,2016,1034989.726848774,3952509.449816503,20165.883142908
NV,2000,186895.63,144507.04,1401.97
NV,2001,240084.77,231901.8,1401.97
NV,2002,292181.71,277804.40249999997,1766.84
NV,2003,344278.65,323707.005,2131.71
NV,2004,396375.59,369609.60750000004,2496.58
NV,2005,448472.53,415512.21,2861.45
NV,2006,652647.840609153,524074.747655444,3792.728404705
NV,2007,702907.543317558,628300.887717917,4007.883953677
NV,2008,715296.060555122,713263.23921027,4504.28193098
NV,2009,781668.164537288,778656.295792728,4347.616138278
NV,2010,864071.503186739,929256.055812406,4671.03710416
NV,2011,899810.970253895,1033169.55600786,4831.072897026
NV,2012,822828.213883921,1054795.872436193,4683.114889294
NV,2013,713146.250475457,858851.147982589,4999.871757142
NV,2014,599635.879390264,809098.734213808,5170.2346017
NV,2015,648562.833916453,812441.909937361,4363.5173326
NV,2016,434908.660116512,796548.921544562,4488.178576468
SC,2000,245935.6,296328.2,2519.48
SC,2001,240679.26,350481.59,2519.48
SC,2002,300044.6125,370385.1225,3181.935
SC,2003,359409.96499999997,390288.655,3844.3900000000003
SC,2004,418775.3175,410192.1875,4506.845
SC,2005,478140.67,430095.72,5169.3
SC,2006,1287519.368433461,934116.366729754,11827.646889738
SC,2007,1522076.631786244,1187458.072122931,13416.128109445
SC,2008,1856838.486904604,1416548.633838584,15879.064225571
SC,2009,2386487.726292946,1350485.441407662,11894.94717449
SC,2010,2272292.243994244,1284207.929042433,10681.74420725
SC,2011,2726183.736144485,1460752.879889229,10977.3870084
SC,2012,2541592.428255615,1588210.400136342,10907.738649723
SC,2013,2477263.7474487512,1439510.076617785,10518.729126119
SC,2014,1560946.768454994,1416565.2695814169,10133.73949802
SC,2015,1123225.711327621,1452583.176158811,10077.68812367
SC,2016,1242752.05582414,1441860.0880193976,9008.838335525
OH,2000,498980.74,865827.59,8734.95
OH,2001,532743.48,1025983.39,8734.95
OH,2002,601854.32,1224744.57,11794.585000000001
OH,2003,670965.1599999999,1423505.75,14854.220000000001
OH,2004,740076.0,1622266.9300000002,17913.855000000003
OH,2005,809186.84,1821028.11,20973.49
OH,2006,8132956.57719679,24586827.494967178,166609.201668222
OH,2007,9494127.883372191,32901221.03760833,251131.915805433
OH,2008,9699873.23196838,36219570.17265785,317143.339029914
OH,2009,9369909.899337243,41983734.07413937,326394.163244625
OH,2010,9853755.485215152,41365988.74728207,331287.998916346
OH,2011,10035198.82552372,45295156.63011081,310924.789733444
OH,2012,13177513.201923266,69011064.97435956,326744.712639335
OH,2013,9454505.468513804,43977705.61314681,301454.601085147
OH,2014,12699011.255614623,32214603.29814125,254840.375570559
OH,2015,17811889.71207419,34735260.19512734,258597.153435217
OH,2016,15168649.614311429,37610385.905718185,569527.455422705
VT,2000,12998.43,45329.44,419.23
VT,2001,12561.83,45842.18,419.23
VT,2002,16044.51,54042.6175,547.015
VT,2003,19527.19,62243.05499999999,674.8
VT,2004,23009.87,70443.4925,802.585
VT,2005,26492.55,78643.93,930.37
VT,2006,37433.365841127,129336.10813285,528322.235143939
VT,2007,43124.163251016,145479.052535697,594770.815954076
VT,2008,43377.603408783,178921.106929211,747175.4603386039
VT,2009,64161.66781649,174140.165753085,637313.056428274
VT,2010,43748.97392048301,176888.577435085,581811.32155692
VT,2011,46938.05186077101,206461.161789595,656203.3476097271
VT,2012,46792.226465565,191657.37980436,556371.33007974
VT,2013,42606.664702655,186056.462313325,717234.2456998801
VT,2014,39324.498497735,154468.708330253,566638.995374474
VT,2015,35976.820957812,150882.54484346,459358.268797242
VT,2016,30777.874167982,143001.952422995,369002.9832962
WA,2000,277371.58,424650.12,4335.93
WA,2001,313653.77,604818.53,4335.93
WA,2002,354790.82,672053.7775000001,4964.4975
WA,2003,395927.87,739289.025,5593.0650000000005
WA,2004,437064.92,806524.2725,6221.6325
WA,2005,478201.97,873759.52,6850.2
WA,2006,949048.163808597,2248034.321053332,17609.044051784
WA,2007,1018897.819635984,2540129.602633298,19041.704029303
WA,2008,964816.347831858,2374888.220959936,16768.778313887
WA,2009,1103814.797459296,2845522.1235368447,19686.605045367
WA,2010,1136403.328917306,2824713.562814532,21675.632450192
WA,2011,1128604.316884393,2682407.940374222,20157.575124419
WA,2012,1199386.437428198,2676890.674025856,19320.671540333
WA,2013,1164714.365693867,2931356.999564877,18781.759093929
WA,2014,1361666.808353904,2962389.450038598,18451.556112925
WA,2015,1391720.829849232,3053400.495867044,18188.177518482
WA,2016,1212932.761799286,2758180.39131042,15848.713725803
NC,2000,430534.06,546530.87,4853.24
NC,2001,443029.31,688058.23,4853.24
NC,2002,516938.3375,771803.3075,6781.49
NC,2003,590847.365,855548.385,8709.74
NC,2004,664756.3925000001,939293.4625,10637.99
NC,2005,738665.42,1023038.54,12566.24
NC,2006,3214497.685137333,27602417.06027384,354724.980416357
NC,2007,3409568.803681363,22549458.797224514,396860.990407445
NC,2008,4142481.072306237,62734022.71946531,257508174.49792087
NC,2009,5241477.977808818,79313532.19436827,389945.134497879
NC,2010,4472558.432594286,88634946.6589634,2059478209.6850808
NC,2011,5718270.381422515,75790672.19301277,2283374.344891869
NC,2012,10613289.40239609,72039932.60459585,372913.882504143
NC,2013,7379738.864628292,2098506210.121183,437997.800293327
NC,2014,8319874.71344118,937881906.6279572,316634.76069824
NC,2015,4172684.369813466,64500154692.43987,313633.811202213
NC,2016,5987829.37869502,10004317210.7279,249434.939686452
RI,2000,49132.4,70460.74,536.63
RI,2001,41320.55,85947.13,536.63
RI,2002,49750.287500000006,101351.0475,725.56
RI,2003,58180.025,116754.965,914.49
RI,2004,66609.7625,132158.8825,1103.42
RI,2005,75039.5,147562.8,1292.35
RI,2006,273166.50004905,7497030.44332383,2928.074765533
RI,2007,308964.11775482603,7996067.724555387,1603.69734858
RI,2008,462390.722979088,7711851.316302613,1490.187871445
RI,2009,518836.641083022,9240217.05852236,1429.378481194
RI,2010,531977.321451181,13808475.814937787,1525.641840393
RI,2011,737007.787581705,11853637.745417394,1427.160280931
RI,2012,467517.29396399,9056675.312996157,1363.832970577
RI,2013,868066.3205089149,2818432.999588788,1270.232159963
RI,2014,991997.835689352,5123940.164167056,1192.235707116
RI,2015,278844.303038236,5020578.621400909,1128.870750614
RI,2016,709065.0730410359,7857782.726760594,1045.342626991
AL,2000,474273.32,299048.18,2793.51
AL,2001,503467.27,345607.86,2793.51
AL,2002,577136.54,368805.2025,3737.6925
AL,2003,650805.81,392002.545,4681.875
AL,2004,724475.08,415199.88749999995,5626.0575
AL,2005,798144.35,438397.23,6570.24
AL,2006,65062586.00173391,1538784.797981454,15680.581497624
AL,2007,23566872.61106369,2489940.588735335,15557.296348736
AL,2008,19712996.136232022,3571363.566110875,17289.111181357
AL,2009,22651390.762257792,13885873.514337096,16308.967296843
AL,2010,24522315.89150521,13359000.135659931,18027.397868642
AL,2011,37899458.55846181,30074574.19351261,18360.032193602
AL,2012,43790096.13029095,41430522.51853143,18618.959375755
AL,2013,42796570.90847762,42537397.37219112,19609.422863418
AL,2014,60709515.71844169,35630579.023513675,20160.52117646
AL,2015,40449275.4596336,30977560.646554325,20994.798713532
AL,2016,39523563.96144727,27580210.514791023,27327.33696288
OR,2000,205065.65,226545.65,2583.02
OR,2001,235187.08,341133.1,2583.02
OR,2002,263188.675,366876.08749999997,3155.1349999999998
OR,2003,291190.27,392619.07499999995,3727.25
OR,2004,319191.865,418362.0625,4299.365
OR,2005,347193.46,444105.05,4871.48
OR,2006,614714.471556927,1088946.730330383,10957.958010917
OR,2007,657207.551312512,1270900.629330717,11213.714679709
OR,2008,672818.89488164,1353180.0817523429,12529.662609877
OR,2009,737149.485516548,1406503.317639001,12478.557862872
OR,2010,782780.799229341,1481384.080840177,12852.631365859
OR,2011,857054.933425537,1554114.262522277,13326.70218242
OR,2012,769063.917554472,1483279.557522845,12098.04447154
OR,2013,754566.438222473,1468875.519634875,11543.700591809
OR,2014,853394.023770994,1437764.53287841,10637.511157246
OR,2015,753715.161777831,1422169.883316607,9653.697456043
OR,2016,797933.37088169,1392180.723966917,8715.366457751
VA,2000,280189.78,462871.57,3926.31
VA,2001,284801.55,555282.69,3926.31
VA,2002,331312.96749999997,587133.945,4960.285
VA,2003,377824.385,618985.2,5994.26
VA,2004,424335.8025,650836.455,7028.235
VA,2005,470847.22,682687.71,8062.21
VA,2006,717743.045843874,1555547.763497677,45814.903487394
VA,2007,832211.367835246,1445276.299010619,38253.539317451
VA,2008,750042.618648941,1401717.7673977478,138221.41163537398
VA,2009,789767.315526996,1665738.996591992,46011.414506865
VA,2010,911426.66849857,2062053.857867105,27823.427417041
VA,2011,1019477.3649530192,1902949.866463594,23552.558198468
VA,2012,1003128.89058812,2855576.224969889,22641.721942659
VA,2013,995628.01880215,3911373.909594799,26335.157149109
VA,2014,1152663.6205578651,4965938.728855174,27122.321026635
VA,2015,1303006.54403274,4450981.428504539,27396.959764801
VA,2016,1315234.408414999,3613947.947285589,23812.070680673
NJ,2000,204926.08,536240.51,5960.89
NJ,2001,209657.14,661922.07,5960.89
NJ,2002,226836.475,810951.6275,7725.4575
NJ,2003,244015.81,959981.185,9490.025
NJ,2004,261195.145,1109010.7425000002,11254.592499999999
NJ,2005,278374.48,1258040.3,13019.16
NJ,2006,17671343.591490094,19532270.265457176,2698208.677670467
NJ,2007,3302382.693272515,28134151.44185047,2173036.030128404
NJ,2008,3657960.778125324,31858330.708417907,1144330.043017932
NJ,2009,5903719.442591338,27932214.497094013,792688.499723784
NJ,2010,8034880.593934917,37765991.42445598,596190.077301586
NJ,2011,11623685.284352249,36364094.4671101,690583.395853843
NJ,2012,13044722.827910056,44466886.30996756,618925.900704401
NJ,2013,9619136.239917042,67463158.70051311,565182.288561114
NJ,2014,7600329.021346624,52901191.77792016,718789.7219848679
NJ,2015,14280011.149282131,74434730.34815106,746294.5172322349
NJ,2016,21541306.09695752,53915676.0908488,524790.939845415
MT,2000,498980.74,53283.02,582.97
MT,2001,46973.83,73674.48,582.97
MT,2002,56495.802500000005,86870.075,773.51
MT,2003,66017.775,100065.67,964.0500000000001
MT,2004,75539.7475,113261.265,1154.5900000000001
MT,2005,85061.72,126456.86,1345.13
MT,2006,97134.515202447,146651.207531713,1586.720806544
MT,2007,94860.211931208,163998.52216733,1766.494138517
MT,2008,102128.881548161,181050.746919101,1885.833499995
MT,2009,109707.526083495,184601.40832349492,1924.2569768
MT,2010,126292.890307503,190382.434367007,1994.817832199
MT,2011,137231.224415971,193036.923962398,1969.585334791
MT,2012,140360.059751672,204661.159332059,2011.29305934
MT,2013,135006.100755875,203004.463106846,1880.23510526
MT,2014,129714.004775028,203723.750738603,1834.27190564
MT,2015,122554.75028603,203090.54873822292,1777.9997315
MT,2016,115181.700120373,184821.130942592,1633.1260565
GA,2000,475530.76,436641.13,4398.72
GA,2001,498149.07,558229.49,4398.72
GA,2002,564684.035,576235.4824999999,5871.92
GA,2003,631219.0,594241.475,7345.120000000001
GA,2004,697753.9650000001,612247.4675,8818.32
GA,2005,764288.93,630253.46,10291.52
GA,2006,720738358.6624304,28071323.61629701,157603.752415988
GA,2007,9969618.793713942,26010819.619877648,205842.030186398
GA,2008,14930185.99381392,20021170.673185017,290338.906827512
GA,2009,1181064064.2531695,22777987.897579264,239129.829229418
GA,2010,654829042.4658116,24294478.11000796,297805.95197229
GA,2011,9256618767.540384,21878161.359449737,179621.02425014
GA,2012,262776372.69893783,13924919.231866945,163933.128368785
GA,2013,30635941.424038507,9636554.44061743,221401.43742603096
GA,2014,41245987.24900082,50082743.34080689,685014.663435332
GA,2015,33304866.67594485,34368405.905344404,284405.199683972
GA,2016,22418379.00126305,20201412.00608424,276798.375364259
TN,2000,465669.14,307451.33,3571.44
TN,2001,515382.8,494813.4,3571.44
TN,2002,671217.255,627435.9775,5334.15
TN,2003,827051.71,760058.5549999999,7096.860000000001
TN,2004,982886.165,892681.1325,8859.57
TN,2005,1138720.62,1025303.71,10622.28
TN,2006,12360774.111701343,29770670.021902304,308341.779586741
TN,2007,13636943.004264249,33244951.81235113,731987.4889240611
TN,2008,15851817.696365949,36714715.477335386,257812.231292366
TN,2009,17253011.46862666,35501556.709772505,165021.324691048
TN,2010,17104546.9143721,40306140.982272014,211065.855230723
TN,2011,179944176.38914248,43882584.68488031,151491.593186872
TN,2012,178533890.32529458,40879343.94761448,474723519.2963326
TN,2013,12587839.467109784,22789926.19190204,130862.061230862
TN,2014,9225277.590080308,18095773.91154433,1971962.640715774
TN,2015,14143582.965867722,21188936.833934613,140455.361777624
TN,2016,4428443.889309257,10965762.649076251,196326.530713149
WI,2000,159270.11,281354.6,3678.34
WI,2001,187931.55,369107.16,3678.34
WI,2002,215416.2,427111.46749999997,4593.88
WI,2003,242900.85,485115.775,5509.42
WI,2004,270385.5,543120.0825,6424.96
WI,2005,297870.15,601124.39,7340.5
WI,2006,1032781.547283978,1103378.315513382,92790.501124461
WI,2007,998775.731819172,1215133.197567305,22431.185785234
WI,2008,1382569.986008149,1320702.991949115,42790.819115419
WI,2009,1515960.1087188069,1837230.728532347,147385.858471784
WI,2010,2635625.521485707,2164015.762520486,164316.673478835
WI,2011,1969715.7192210297,2285351.174244622,96104.351263404
WI,2012,2873614.886027499,2456618.730900328,72093.31713586401
WI,2013,1794335.147378564,2046537.435828669,255189.9713889
WI,2014,2137359.866863468,2003053.2310486909,1780344.532585166
WI,2015,2143027.24992926,2796405.136435965,191591.159074298
WI,2016,1623063.779380556,2132306.476974301,306280.100598621
LA,2000,379621.31,230639.23,2531.36
LA,2001,428524.01,298570.46,2531.36
LA,2002,520929.095,336134.19,3266.875
LA,2003,613334.1799999999,373697.92000000004,4002.3900000000003
LA,2004,705739.265,411261.65,4737.905000000001
LA,2005,798144.35,448825.38,5473.42
LA,2006,1550609.008414063,951888.646905242,13019.577105784
LA,2007,1475645.893289682,1070371.434444397,13329.988363368
LA,2008,1656525.039302804,1133382.374465036,15819.691171444
LA,2009,1617903.11826377,1317855.103410111,13600.469630234
LA,2010,1675400.5006267389,1401079.218230641,15074.060780605
LA,2011,1875644.56487381,1628278.231283147,13835.062973696
LA,2012,1918593.321850949,1575658.59655485,14559.181492644
LA,2013,1856126.743977242,1814047.474949352,13873.724048405
LA,2014,1827166.059222432,1620315.738897061,15107.656674911
LA,2015,1326589.3873154677,1760130.59546123,14125.494658021
LA,2016,1399469.010682064,1737628.72054745,12802.99580172
IN,2000,418103.73,299269.85,5301.39
IN,2001,438089.27,397660.6,5301.39
IN,2002,507664.85250000004,425294.9925,6537.672500000001
IN,2003,577240.435,452929.385,7773.955
IN,2004,646816.0175,480563.77749999997,9010.2375
IN,2005,716391.6,508198.17,10246.52
IN,2006,2501000.813598793,919531.204998262,13951.12049616
IN,2007,2751927.471764135,800111.1770375089,15911.337643336
IN,2008,2972221.470846526,824942.4184815229,25617.489593586
IN,2009,3387308.674727126,912700.114655034,30351.369166612
IN,2010,3485802.918895271,1334278.137876037,578724.406720525
IN,2011,4787391.179181559,1224417.734823904,43375.852879661
IN,2012,4424163.002436003,1300066.4231974198,63792.375610771
IN,2013,4163089.935588172,1187169.644673722,21627.081373022
IN,2014,2688031.648157357,1159613.382517516,17584.406475535
IN,2015,1240966.794271935,1416470.7748236605,18042.5904915
IN,2016,2406652.884754128,7399800.5225344,28693.435092781
UT,2000,125054.97,107260.81,1277.98
UT,2001,139704.25,163080.31,1277.98
UT,2002,168241.7475,214367.8475,1791.2350000000001
UT,2003,196779.245,265655.385,2304.49
UT,2004,225316.7425,316942.9225,2817.745
UT,2005,253854.24,368230.46,3331.0
UT,2006,524232.867087659,1049810.983089133,242161.21871156
UT,2007,543787.456666065,1259371.63196864,169833.080129767
UT,2008,593729.605638252,1408403.1222077669,357693.928395577
UT,2009,618209.177091721,1352698.47933308,408854.99377342
UT,2010,636275.405774374,1362667.636819442,582509859.833337
UT,2011,1795917.381139002,1378073.935126751,120924034.60573532
UT,2012,1669592.709298244,1614822.73157197,337190.506152537
UT,2013,892355.50167159,1768420.645948185,317268.866885522
UT,2014,1330027.215422515,1957104.106748861,431266.1973543
UT,2015,1506414.654748475,1933764.959574911,319052.01354
UT,2016,2563678.3346570786,1814252.903395862,402517199.23409486
NM,2000,71268.46,90607.13,1061.38
NM,2001,83957.95,122863.9,1061.38
NM,2002,95147.3225,143102.885,1310.7275
NM,2003,106336.695,163341.87,1560.075
NM,2004,117526.0675,183580.85499999998,1809.4225000000001
NM,2005,128715.44,203819.84,2058.77
NM,2006,159165.094067423,289363.98681579,2613.684856949
NM,2007,167599.82662896402,311067.82334087,2484.118596604
NM,2008,188002.918140293,357215.91645749897,2622.318841427
NM,2009,207267.63870773,416671.117041243,2736.645308557
NM,2010,219954.145646936,490323.78362231,2775.2719447
NM,2011,230922.636433299,529067.410127033,2808.9756929
NM,2012,222013.165738061,521200.18825386296,2767.384511165
NM,2013,206727.124991717,452671.784434745,2541.48789696
NM,2014,194962.577796082,474732.306584271,2619.400734885
NM,2015,179120.145911502,476459.889721587,2603.82739585
NM,2016,162758.359316792,444779.99855579645,2271.841736058
MS,2000,176192.56,134806.85,1377.84
MS,2001,194616.76,173557.21,1377.84
MS,2002,233369.21500000003,175611.22499999998,2042.7324999999998
MS,2003,272121.67000000004,177665.24,2707.625
MS,2004,310874.125,179719.255,3372.5175
MS,2005,349626.58,181773.27,4037.41
MS,2006,835907.677392456,354293.80198361,8637.779897671
MS,2007,897688.610052362,472164.367625909,9498.716259551
MS,2008,910126.349685512,1732980.37270064,15266.998784287
MS,2009,733607.029191261,452234.698934728,8543.022734839
MS,2010,802514.56443389,483085.532542524,9492.197058649
MS,2011,1014585.499179467,683743.212951941,9960.375794422
MS,2012,1977080.333441354,3824987.441071913,24281.726015431
MS,2013,11920114.247673422,26165490.39971232,101060.734056535
MS,2014,15319053.369312093,28400978.76021658,147840.768999899
MS,2015,18060013.82609988,27958111.95503317,170868.791871673
MS,2016,16230682.71047305,24221145.083346386,167500.04183608
CO,2000,161873.89,196512.41,3076.1
CO,2001,195873.65,291849.34,3076.1
CO,2002,226182.44,334158.7475,3714.8075
CO,2003,256491.22999999998,376468.155,4353.515
CO,2004,286800.02,418777.5625,4992.2225
CO,2005,317108.81,461086.97,5630.93
CO,2006,626928.376145981,1456949.024825993,354391.97756379
CO,2007,648615.821583438,2683337.029114323,344513.121153006
CO,2008,707965.57692301,1638548.480605863,80291.507030101
CO,2009,760347.571054078,1736145.702125084,36639.571525188
CO,2010,762398.159114999,2043456.833970876,198351.55985733203
CO,2011,1116928.204241499,2177920.442328462,556924.538483211
CO,2012,1420516.964338276,2278182.789084028,834083.29264021
CO,2013,793667.952078518,2269665.212795179,1451386.448862618
CO,2014,813486.597605846,2255788.5617164248,41683.526618433
CO,2015,755461.514254944,2332119.1515075653,20944.004006922
CO,2016,631510.101385022,2143577.575760043,16453.283690243
OK,2000,289186.66,155251.87,2334.85
OK,2001,328282.15,227757.06,2334.85
OK,2002,374562.7525,280752.7975,3254.7825
OK,2003,420843.355,333748.53500000003,4174.715
OK,2004,467123.9575,386744.2725,5094.6475
OK,2005,513404.56,439740.01,6014.58
OK,2006,1145175.603160323,932030.927120577,14275.729372215
OK,2007,1273432.091025355,1045903.8800974848,14866.219374311
OK,2008,1432047.982223525,1222347.773436435,16479.737375656
OK,2009,1464863.202053922,1355981.40056981,16485.056686216
OK,2010,1453438.718438441,1475018.11054937,16218.770576218
OK,2011,1664233.265724983,1600384.851492341,16978.45112918
OK,2012,1609119.741050498,1622633.905804536,17471.821905713
OK,2013,1840082.902924777,1967202.585836569,18973.786327581
OK,2014,2026989.966403389,2282077.557521761,21389.1724438
OK,2015,1924116.2117620008,2362225.01738481,21169.88922015
OK,2016,1585559.205863409,1896651.498197778,18109.603574496
AR,2000,174893.16,119400.42,1484.13
AR,2001,202901.66,154213.96,1484.13
AR,2002,234311.53,190441.51249999998,1973.94
AR,2003,265721.4,226669.065,2463.75
AR,2004,297131.27,262896.6175,2953.56
AR,2005,328541.14,299124.17,3443.37
AR,2006,1277662.622970368,2001683.922320894,19604.392800827
AR,2007,1522797.78431245,2012201.094693695,26772.962174218
AR,2008,1879203.007601058,2087977.039473052,27395.80343399
AR,2009,1890201.460892453,2553259.981933071,21851.635054131
AR,2010,2011880.478246799,2271911.612096307,19324.931337345
AR,2011,2276553.426313393,2342706.061478905,21984.40040188
AR,2012,2293950.856915395,2825803.555838667,21996.365151351
AR,2013,2218999.778854678,2955416.177132768,17925.174287424
AR,2014,2662134.495039003,3380631.879813773,19960.248187293
AR,2015,3706351.790285526,3254258.6268376485,19643.089306371
AR,2016,3459819.346506346,3122277.424635798,17304.839330871
HI,2000,32683.66,56929.75,620.99
HI,2001,40560.41,95262.65,620.99
HI,2002,47416.552500000005,101950.715,731.2925
HI,2003,54272.695,108638.78,841.595
HI,2004,61128.837499999994,115326.845,951.8975
HI,2005,67984.98,122014.91,1062.2
HI,2006,136924.303884451,280041.05002779,2200.059564354
HI,2007,147152.406640725,305690.447495279,2506.550335031
HI,2008,164666.18790966,346368.060642171,2880.028989665
HI,2009,175823.378554701,407448.964554667,2537.09090129
HI,2010,172375.844878757,443371.507250068,2822.20252432
HI,2011,173778.252449704,461204.62639482,2860.0891256
HI,2012,154321.668413981,464787.054612288,2267.7694077
HI,2013,148091.883103385,443245.744741851,2087.763452498
HI,2014,157814.713904603,399311.715597309,2003.6712214
HI,2015,158276.366394428,393676.9060868375,1848.0036996
HI,2016,139787.292994533,387943.328878841,1611.69815445
MI,2000,529100.04,430032.33,7987.67
MI,2001,599074.25,543285.22,7987.67
MI,2002,693734.855,579039.1125,9862.7875
MI,2003,788395.46,614793.005,11737.904999999999
MI,2004,883056.0650000001,650546.8975,13613.0225
MI,2005,977716.67,686300.79,15488.14
MI,2006,2036695.486720901,1490057.4188564229,38635.454609863
MI,2007,2230192.848479539,1841034.072329822,95424.860272059
MI,2008,2579202.0150981448,2111750.584107708,5753105.22306131
MI,2009,3247743.453687124,3123668.923052513,9924515.371675177
MI,2010,3090485.130074151,3965347.083669784,741564.755251217
MI,2011,3164394.486873883,3533034.5931317178,10257278.068883426
MI,2012,3820641.874535794,4530048.347963718,155732.758482331
MI,2013,4367632.566227846,6524985.192693027,134591.822103484
MI,2014,4668733.199398252,6800243.404433867,64304.050884214
MI,2015,5328568.378211378,5596357.991599917,93682.808421025
MI,2016,5781566.313650584,4699543.443236933,47761.87385756
KS,2000,113573.53,97055.06,1600.67
KS,2001,142490.73,132228.62,1600.67
KS,2002,179048.2625,164023.2575,2155.0225
KS,2003,215605.79499999998,195817.89500000002,2709.375
KS,2004,252163.32749999998,227612.5325,3263.7275
KS,2005,288720.86,259407.17,3818.08
KS,2006,376328.909447358,314675.940148588,4895.317626053
KS,2007,503048.588477082,362951.776606874,5431.883289565
KS,2008,491234.482932691,386532.304895632,5722.487485181
KS,2009,410618.428566577,405483.33124737296,5772.546189333
KS,2010,434940.852044243,436946.618891056,6099.530629136
KS,2011,470836.180862309,482483.024991052,6175.345749361
KS,2012,487198.983718295,497745.918952706,6705.241995679
KS,2013,473132.851864004,487421.628190108,6016.034657032
KS,2014,444927.169948586,513567.570127914,6289.37709417
KS,2015,391724.994965524,539886.265194335,6542.4451828500005
KS,2016,363584.592437658,531597.5392896342,5686.382087346
WY,2000,19151.47,18900.61,282.54
WY,2001,23518.97,27693.13,282.54
WY,2002,27356.86,33835.375,359.21750000000003
WY,2003,31194.75,39977.62,435.895
WY,2004,35032.64,46119.865000000005,512.5725
WY,2005,38870.53,52262.11,589.25
WY,2006,48436.424891867,13525350.92108194,197479003.7661939
WY,2007,49649.860080316,99521.64927306,717.296422744
WY,2008,51772.957158588,95542.933015322,815.457062358
WY,2009,56917.21570976301,258358.159136314,831.325469029
WY,2010,58588.210946574,305745.280372179,866.011924487
WY,2011,61402.111577506,175218.593752196,1115.05639565
WY,2012,63176.03330168,244439.138311814,966.0080038
WY,2013,68217.685914671,126316.170407189,1089.2416722
WY,2014,69611.912751785,229390.28982836092,883.2271248
WY,2015,59762.238650186,146112.874861577,830.4514922
WY,2016,68203.054038865,143920.045291105,831.88354335
MN,2000,82397.08,172331.99,2903.9
MN,2001,99579.39,229348.12,2903.9
MN,2002,119326.2525,267827.0575,3578.56
MN,2003,139073.115,306305.995,4253.22
MN,2004,158819.97749999998,344784.9325,4927.88
MN,2005,178566.84,383263.87,5602.54
MN,2006,425946.199155295,751577.798586538,37047.569071711
MN,2007,392359.190103577,815515.600376147,15152.518331402
MN,2008,437493.982695634,873496.2273797729,14698.67962468
MN,2009,1432781.32022194,954371.865407522,17619.417907773
MN,2010,619817.313271333,969725.093456974,24778.291557125
MN,2011,508406.570085859,1057780.025256443,13315.072866023
MN,2012,732582.659911787,1130373.671935698,12683.097651859
MN,2013,17779413.376856077,1263079.724534203,33941.715112245
MN,2014,571160.999202511,1307733.210503225,33787.353942029
MN,2015,584343.565313769,1391759.0176232755,87050.700575824
MN,2016,466232.373813604,1210521.0508311377,144398.701419981
NE,2000,58116.34,60840.43,1277.13
NE,2001,67641.24,78331.22,1277.13
NE,2002,76918.2225,91895.5825,1497.88
NE,2003,86195.205,105459.945,1718.63
NE,2004,95472.1875,119024.30750000001,1939.38
NE,2005,104749.17,132588.67,2160.13
NE,2006,426329.555102287,8116802.417895018,11802.865824359002
NE,2007,321147.098535646,5143893.827218934,19311.338853545
NE,2008,349607.076962169,5882260.197104367,10052.973588955
NE,2009,348964.762326842,7945550.742543966,12044.869925681
NE,2010,314262.043564856,7516258.820150924,6199.978399978
NE,2011,328415.15271224803,9240328.76034205,5471.16186353
NE,2012,289106.52685868,497111.23388525896,5204.711402906
NE,2013,317261.62894314,663490.490904592,10668.09784232
NE,2014,313346.731972828,373566.167920157,5054.817091998
NE,2015,341837.781180206,392278.7577099095,5227.0424084
NE,2016,287459.806068344,323141.5934575552,4275.858007625
ID,2000,80790.2,43789.72,955.91
ID,2001,90052.4,63461.8,955.91
ID,2002,106384.22,71047.24250000001,1115.535
ID,2003,122716.04,78632.685,1275.16
ID,2004,139047.86,86218.1275,1434.785
ID,2005,155379.68,93803.57,1594.41
ID,2006,180622.097051823,118734.333915058,1931.223682742
ID,2007,184938.367230901,138164.595058584,2073.824775135
ID,2008,197249.552242298,157474.904395335,2215.111371799
ID,2009,209750.017191184,171690.208491657,2309.73126258
ID,2010,246189.531722874,189286.24252053,2686.586548779
ID,2011,270483.293596096,211430.440017154,2754.470112425
ID,2012,281065.267668973,237441.370286156,2984.372164242
ID,2013,279487.219187847,247914.667040653,2893.044800827
ID,2014,276407.532537668,264971.863667702,2925.727611754
ID,2015,259408.862556109,268305.346502171,2937.841046876
ID,2016,245772.920185053,256679.12221003292,2728.960997776
ND,2000,12366.73,20082.8,418.86
ND,2001,15662.16,30174.58,418.86
ND,2002,19795.88,34533.5,527.7175
ND,2003,23929.6,38892.42,636.575
ND,2004,28063.32,43251.340000000004,745.4325
ND,2005,32197.04,47610.26,854.29
ND,2006,55610.624179304,84024.914741581,1581.338137127
ND,2007,66930.346710569,94775.27499274,1777.673720349
ND,2008,81259.266340387,87631.581756863,2115.285625485
ND,2009,95069.527052252,94002.752634556,1872.689757947
ND,2010,100625.230153405,90639.455238944,1969.1291403
ND,2011,129663.329816707,100876.185919866,2085.5792081
ND,2012,104528.012926414,109944.96265138,2174.15130754
ND,2013,93969.695906389,113651.696637426,2161.3991296
ND,2014,93962.3964166,117141.894669758,2210.0614055
ND,2015,86630.172205184,118811.3562112055,2727.54419125
ND,2016,72921.983884708,102498.333466888,1811.485074309
SD,2000,15891.15,22976.92,549.36
SD,2001,19696.5,29561.12,549.36
SD,2002,24637.98,37285.805,675.445
SD,2003,29579.46,45010.49,801.53
SD,2004,34520.94,52735.175,927.615
SD,2005,39462.42,60459.86,1053.7
SD,2006,65419.55794134,92331.866860393,1679.114818202
SD,2007,65551.45312611401,100893.963843702,1766.167686001
SD,2008,66418.577690139,86676.390540725,1631.982119557
SD,2009,69538.567486656,88658.733961746,1573.897856717
SD,2010,73133.90802904,88411.56783078199,2043.577351856
SD,2011,79572.344468351,90016.964923878,15841.474737784
SD,2012,80009.334808349,86873.378594426,1712.102035996
SD,2013,82813.40148559,85421.304981932,1734.682395596
SD,2014,84895.465277603,105703.551828237,1772.796031756
SD,2015,79630.529627624,108438.761959287,1693.418476774
SD,2016,70293.864503506,86457.470709387,1473.207357804
NY,2000,583692.02,534139.39,12623.81
NY,2001,645188.16,640651.05,12623.81
NY,2002,767834.4175,824959.655,15254.6275
NY,2003,890480.675,1009268.26,17885.445
NY,2004,1013126.9325,1193576.865,20516.2625
NY,2005,1135773.19,1377885.47,23147.08
NY,2006,62240623.14743716,58860075.20833194,150258.10909293802
NY,2007,55227033.46112166,68327392.9412564,129475.040817119
NY,2008,66617537.47585745,88860267.44663529,242902.646690138
NY,2009,73136347.13870832,96695521.77647254,151769.996638951
NY,2010,56432107.16425666,82685238.22063176,90033.631848478
NY,2011,67432697.54962902,79710187.58681126,181679.017897211
NY,2012,72562268.19224916,81085436.46054895,200872.748838748
NY,2013,62083733.458345935,65635648.09655195,294589.290249867
NY,2014,2424389588.859206,49559819.1240606,320053.74980148097
NY,2015,52259940.2956253,54755211.00078592,381854.975316153
NY,2016,47350764.53763753,55442070.13726084,375713.644185714
IA,2000,82954.63,78310.78,1648.67
IA,2001,95885.69,108468.68,1648.67
IA,2002,115032.05,126328.8125,2100.3825
IA,2003,134178.41,144188.945,2552.0950000000003
IA,2004,153324.77000000002,162049.07749999998,3003.8075
IA,2005,172471.13,179909.21,3455.52
IA,2006,233688.186308859,210798.844604612,20645.951894659
IA,2007,270827.581905276,228267.23314344,60801.395508739
IA,2008,309078.947056918,239869.918450354,33899.235149123
IA,2009,331134.38867149403,236272.64300037496,113315.482611936
IA,2010,356903.677362512,254310.48998278,124697.337062669
IA,2011,391227.118302226,277885.96100287896,71158.123570713
IA,2012,443883.406563868,288731.762229813,64211.692186388
IA,2013,397495.633867804,265037.070661533,196666.63695225
IA,2014,526070.4685603679,266697.03335967,46418.76013714
IA,2015,504671.350850596,267929.257756873,57945.286555850005
IA,2016,590524.09610754,483494.619842153,115383.950257322
CA,2000,1867936.06,834318.49,17551.48
CA,2001,2060757.83,1240571.53,17551.48
CA,2002,2326034.6525,1506745.3725,23062.2825
CA,2003,2591311.475,1772919.2149999999,28573.085
CA,2004,2856588.2975000003,2039093.0574999999,34083.8875
CA,2005,3121865.12,2305266.9,39594.69
CA,2006,406297532.2001669,11119856.856287384,1141092.91114834
CA,2007,270644051.0054034,16000191.76417743,990747.232322773
CA,2008,177795091.36039206,11072776.104042884,2935296.423610331
CA,2009,99142039.43773223,21945348.390991785,1710606.226425229
CA,2010,70591717.22974971,31261424.184189644,637417.549220228
CA,2011,75921092.98041312,33365178.9899094,580590.814087516
CA,2012,75608223.42261961,34114501.22609471,515154.371371985
CA,2013,49995648.43963654,29106980.075905472,412504.762582857
CA,2014,44080418.75037353,10629724.619475748,324394.65603629
CA,2015,10008897.154346569,10008904.298369791,268284.243122643
CA,2016,8192095.020973149,8448542.442926895,266527.467537882
TX,2000,1436756.6,498848.36,11894.83
TX,2001,1665628.82,706523.95,11894.83
TX,2002,1891947.94,732498.49,13852.645
TX,2003,2118267.06,758473.03,15810.46
TX,2004,2344586.1799999997,784447.57,17768.275
TX,2005,2570905.3,810422.11,19726.09
TX,2006,6173683.700297237,1988113.298396738,43387.189396029
TX,2007,6927495.380871462,2306611.372175788,50336.709012335
TX,2008,6583624.463404574,2125993.059088449,55048.128982732
TX,2009,7478782.804849733,2428356.549791755,51783.255293831
TX,2010,8095930.510327257,2649691.5181580847,54607.342065668
TX,2011,9181153.082053946,2754400.846074637,56240.438359401
TX,2012,256090429.71466225,2844377.4572042287,60927.283906427
TX,2013,10354744.70055001,3039365.39343909,58107.195874814
TX,2014,39984640.43603722,2937865.222283994,55348.253511609
TX,2015,6339778.031248102,3142269.895485068,56299.370181901
TX,2016,6513149.461405835,3015209.606160403,68394.168382493
IL,2000,437311.33,193805.29,7066.28
IL,2001,486112.15,283111.91,7066.28
IL,2002,574495.1625,315659.64499999996,8556.42
IL,2003,662878.175,348207.38,10046.56
IL,2004,751261.1875,380755.115,11536.7
IL,2005,839644.2,413302.85,13026.84
IL,2006,24156760.60226913,2088448.132558348,44613.711599226
IL,2007,28148153.367171902,2503325.885278443,82164.759107177
IL,2008,28592767.160098616,2476855.030064537,109734.505396164
IL,2009,33207916.247294363,7101192.880833253,178940.089605188
IL,2010,33511836.96324368,12948296.615527416,391134.246958143
IL,2011,34367237.13551607,15803713.758562384,449751.67257401
IL,2012,35211875.29960568,15357367.892480746,26960704.177399192
IL,2013,26102430.912421446,28555619.47911778,350737.99851142097
IL,2014,27988086.436365224,19724606.722212315,245459.619329517
IL,2015,70618446.66101184,28039611.78455476,235609.982986021
IL,2016,17596387.028740384,22423264.076388624,231781.473167758
