state_name,state_abbr,year,poverty_rate,unempl_rate,gsp,min_wage,snap_rate,medicaid_rate,aca_exp,gov_dem
Alabama,AL,1999,15.2,4.7,115833.1,5.15,0.09274274565192218,0.11808404933611176,0.0,1
Alaska,AK,1999,7.6,6.5,24779.3,5.65,0.06660532687651331,0.1196045197740113,0.0,1
Arizona,AZ,1999,12.2,4.4,155282.6,5.15,0.05386021733106867,0.09537282047375528,0.0,0
Arkansas,AR,1999,14.7,4.6,66791.2,5.15,0.09914544051379394,0.14875049630140322,0.0,0
California,CA,1999,14.0,5.2,1247734.4,5.75,0.06115799064363048,0.1527555744931509,0.0,1
Colorado,CO,1999,8.5,3.1,164132.0,5.15,0.04277399187847144,0.06350013670656263,0.0,0
Connecticut,CT,1999,7.2,2.9,152353.9,5.65,0.05428589796988511,0.10637650893608257,0.0,0
Delaware,DE,1999,10.4,3.4,40427.3,5.65,0.05118653604728627,0.11993821147705888,0.0,1
District of Columbia,DC,1999,14.7,6.4,58751.3,6.15,0.1620077071290944,0.2395664739884393,0.0,.
Florida,FL,1999,12.4,3.9,456797.9,5.15,0.061770890603050285,0.10351431027121262,0.0,0
Georgia,GA,1999,12.8,3.9,289446.6,3.25,0.07917064702679938,0.11948514683676928,0.0,1
Hawaii,HI,1999,10.8,5.4,39246.9,5.25,0.10557175598082492,0.14004843538195372,0.0,1
Idaho,ID,1999,14.1,4.9,34252.3,5.65,0.04569864983622274,0.07353838779260206,0.0,0
Illinois,IL,1999,9.9,4.4,460242.3,5.15,0.06761287790527498,0.11227048647097673,0.0,0
Indiana,IN,1999,6.7,3.0,192765.5,5.15,0.05017970179883528,0.09126620147298432,0.0,1
Iowa,IA,1999,7.4,2.6,87796.0,5.15,0.044883744514993135,0.07888407838118806,0.0,1
Kansas,KS,1999,12.3,3.3,81669.8,2.65,0.04328287463847732,0.0704722439500055,0.0,0
Kentucky,KY,1999,12.1,4.5,114994.2,5.15,0.1000902589738249,0.13161298466859808,0.0,1
Louisiana,LA,1999,19.2,5.1,125894.7,5.15,0.11808802994486549,0.14187466477281174,0.0,0
Maine,ME,1999,10.6,4.0,34379.1,5.15,0.08678813126476409,0.12946992913235011,0.0,0
Maryland,MD,1999,7.3,3.6,180191.2,5.15,0.0511236874071135,0.09845031570292871,0.0,1
Massachusetts,MA,1999,11.8,3.2,265143.2,5.25,0.042269450439332105,0.14575325792703,0.0,0
Michigan,MI,1999,9.7,3.7,337834.5,5.15,0.06921082445615395,0.1086790807778969,0.0,0
Minnesota,MN,1999,7.3,2.8,175155.9,5.15,0.04356855857010396,0.0955988347208297,0.0,0
Mississippi,MS,1999,16.2,5.1,63818.9,5.15,0.10404356829162842,0.1563548469471603,0.0,0
Missouri,MO,1999,11.7,3.3,177747.5,5.15,0.07467186556500348,0.13272039877564262,0.0,1
Montana,MT,1999,15.8,5.3,20821.0,5.15,0.06898442305492088,0.07700568318911075,0.0,0
Nebraska,NE,1999,11.0,2.8,53704.7,5.15,0.055463653672087145,0.10697719366061074,0.0,0
Nevada,NV,1999,11.3,4.0,71444.7,5.15,0.034087548839217066,0.05459490740101025,0.0,0
New Hampshire,NH,1999,7.6,2.7,41873.3,5.15,0.031168878742921274,0.0694335519600644,0.0,1
New Jersey,NJ,1999,7.8,4.5,336470.9,5.15,0.04726372680149304,0.08332711153506663,0.0,0
New Mexico,NM,1999,20.9,5.6,53082.3,4.25,0.10256034449065549,0.16627122891477628,0.0,0
New York,NY,1999,14.2,5.2,792569.0,4.25,0.08467427515721206,0.15218809271028144,0.0,0
North Carolina,NC,1999,13.8,3.2,264836.2,5.15,0.06605985343472419,0.11975836740498268,0.0,1
North Dakota,ND,1999,13.1,3.3,17017.3,5.15,0.05277543690209038,0.07111948565963773,0.0,0
Ohio,OH,1999,12.0,4.3,375814.4,4.25,0.056836249919381014,0.09430715379543513,0.0,0
Oklahoma,OK,1999,12.8,3.5,84089.8,5.15,0.08080626698161192,0.11808004898089483,0.0,0
Oregon,OR,1999,12.6,5.5,107564.3,6.5,0.06754149535878008,0.11614116835346006,0.0,1
Pennsylvania,PA,1999,9.3,4.4,390499.0,5.15,0.0696095452932529,0.11877456224837453,0.0,0
Rhode Island,RI,1999,10.0,4.2,32284.0,5.65,0.07710187228948981,0.1404161607720482,0.0,0
South Carolina,SC,1999,11.7,4.3,110095.7,5.15,0.0794109532917316,0.16030579534996717,0.0,1
South Dakota,SD,1999,7.7,2.7,21045.5,5.15,0.060105055972108745,0.09699740701891744,0.0,0
Tennessee,TN,1999,11.9,4.0,176083.2,5.15,0.09315669545284201,0.24597654615134215,0.0,0
Texas,TX,1999,15.2,4.7,680181.9,3.35,0.06987208880639983,0.09436173892410755,0.0,0
Utah,UT,1999,5.7,3.5,66038.5,5.15,0.041394266976424475,0.06177658749312154,0.0,0
Vermont,VT,1999,9.6,3.0,17161.8,5.75,0.07458988782968977,0.1940394785596389,0.0,1
Virginia,VA,1999,7.9,2.7,249106.3,5.15,0.05260957800710965,0.0779557485968102,0.0,0
Washington,WA,1999,9.6,4.9,230237.4,5.7,0.05327219748726669,0.12026869058420762,0.0,1
West Virginia,WV,1999,15.7,6.5,41796.4,5.15,0.1368338970894247,0.14775962296228737,0.0,0
Wisconsin,WI,1999,8.6,3.1,172328.7,5.15,0.03470295666311014,0.0784464786420049,0.0,0
Wyoming,WY,1999,11.6,4.6,15715.0,1.6,0.04895100520848537,0.07436791339485657,0.0,0
Alabama,AL,2000,13.3,4.6,120132.9,5.15,0.08895813347774222,0.12688770180314196,0.0,1
Alaska,AK,2000,7.6,6.4,26815.8,5.65,0.05975511296047697,0.13242977691360797,0.0,1
Arizona,AZ,2000,11.7,4.0,164609.9,5.15,0.050189261452090905,0.09378644208235266,0.0,0
Arkansas,AR,2000,16.5,4.3,68740.4,5.15,0.09205297716558127,0.14635248123264943,0.0,0
California,CA,2000,12.7,4.9,1366166.5,6.25,0.053892527937158485,0.18149994628983065,0.0,1
Colorado,CO,2000,9.8,2.8,180693.3,5.15,0.036041332855395326,0.06447286650253148,0.0,0
Connecticut,CT,2000,7.7,2.4,165822.4,6.15,0.04837918773706488,0.10371574695532562,0.0,0
Delaware,DE,2000,8.4,3.7,43515.9,6.15,0.04097037919664078,0.12413701894647959,0.0,1
District of Columbia,DC,2000,15.2,5.6,61033.2,6.15,0.14125262653702675,0.22249784108271012,0.0,.
Florida,FL,2000,11.0,3.7,488466.1,5.15,0.05498303008285083,0.10700423087312895,0.0,0
Georgia,GA,2000,12.1,3.6,306019.9,3.25,0.06800138514407456,0.10775608969306223,0.0,1
Hawaii,HI,2000,8.9,4.2,41519.9,5.25,0.09727165376067454,0.12559341880926464,0.0,1
Idaho,ID,2000,12.5,4.7,38130.6,6.15,0.04478194285186582,0.08798550133520082,0.0,0
Illinois,IL,2000,10.7,4.3,486766.2,5.15,0.06115989651412749,0.11476962538928039,0.0,0
Indiana,IN,2000,8.5,3.1,203356.8,5.15,0.049297538718021706,0.09900546072418533,0.0,1
Iowa,IA,2000,8.3,2.6,93189.8,5.15,0.042102826599732954,0.07823719976361074,0.0,1
Kansas,KS,2000,8.0,3.6,85820.7,2.65,0.04325345131810337,0.07236231758697485,0.0,0
Kentucky,KY,2000,12.6,4.2,114099.1,5.15,0.09964853232423344,0.14116128318425614,0.0,1
Louisiana,LA,2000,17.2,5.3,132709.5,5.15,0.11177635381947434,0.1477759378874904,0.0,0
Maine,ME,2000,10.1,3.4,36840.9,5.15,0.07955542052444968,0.1300780222258416,0.0,0
Maryland,MD,2000,7.4,3.6,192019.8,5.15,0.041268800011447865,0.10345518405643797,0.0,1
Massachusetts,MA,2000,9.8,2.7,289653.4,6.0,0.036444774366210644,0.14544346390186358,0.0,0
Michigan,MI,2000,9.9,3.6,351641.3,5.15,0.060573728077006166,0.10711452958819186,0.0,0
Minnesota,MN,2000,5.7,3.2,190894.1,5.15,0.03973697587932121,0.09415545194146696,0.0,0
Mississippi,MS,2000,14.9,5.4,65600.1,5.15,0.09684754663484477,0.16828251273630762,0.0,1
Missouri,MO,2000,9.2,3.6,186785.2,5.15,0.07549464669621751,0.1409466435182089,0.0,1
Montana,MT,2000,14.1,5.0,21878.4,5.15,0.06579749561007023,0.07752278503562288,0.0,0
Nebraska,NE,2000,8.6,2.8,56541.1,5.15,0.048087897212075945,0.10987034811123689,0.0,0
Nevada,NV,2000,8.8,4.2,76654.2,5.15,0.030169793945830595,0.04981570196473941,0.0,0
New Hampshire,NH,2000,4.5,2.7,45222.8,5.15,0.029249557619192793,0.0661603281602604,0.0,1
New Jersey,NJ,2000,7.3,3.7,361845.3,5.15,0.040883939629121034,0.08173846268264225,0.0,0
New Mexico,NM,2000,17.5,4.9,55239.7,4.25,0.09298409184253933,0.1711768698070068,0.0,0
New York,NY,2000,13.9,4.5,836201.5,5.15,0.07570701271144072,0.14491663412585556,0.0,0
North Carolina,NC,2000,12.5,3.7,277994.1,5.15,0.06041454095679403,0.11809324226571573,0.0,1
North Dakota,ND,2000,10.4,3.0,18013.5,5.15,0.04956831764594103,0.07031056519782002,0.0,0
Ohio,OH,2000,10.0,4.0,391320.8,4.25,0.05365553683389063,0.0947370903599344,0.0,0
Oklahoma,OK,2000,14.9,3.0,90893.0,5.15,0.0733237512538484,0.12647389607062368,0.0,0
Oregon,OR,2000,10.9,5.1,117291.2,6.5,0.06834022021699807,0.1144353979988967,0.0,1
Pennsylvania,PA,2000,8.6,4.1,408203.4,5.15,0.06326123866865112,0.11773873585140815,0.0,0
Rhode Island,RI,2000,10.2,4.1,34520.9,5.65,0.07070195416788858,0.1488572440558029,0.0,0
South Carolina,SC,2000,11.1,3.8,115176.6,5.15,0.07338932260960687,0.1643803039742082,0.0,1
South Dakota,SD,2000,10.7,2.5,22669.2,5.15,0.056740544345129415,0.10075491768142633,0.0,0
Tennessee,TN,2000,13.5,3.9,182089.1,5.15,0.08696624079832825,0.23601863976819334,0.0,0
Texas,TX,2000,15.5,4.3,738804.4,3.35,0.06363413132966322,0.09195182945173336,0.0,0
Utah,UT,2000,7.6,3.3,70383.8,5.15,0.03649673736089342,0.0585448353354107,0.0,0
Vermont,VT,2000,10.0,2.8,18312.7,5.75,0.06697800917951897,0.19754173925310603,0.0,1
Virginia,VA,2000,8.3,2.3,267618.0,5.15,0.04729646147656209,0.07308730298007957,0.0,0
Washington,WA,2000,10.8,5.2,238137.1,6.5,0.0499213942886843,0.13224522680945408,0.0,1
West Virginia,WV,2000,14.7,5.5,42577.4,5.15,0.12556411906668488,0.1431311534287648,0.0,0
Wisconsin,WI,2000,9.3,3.5,180616.3,5.15,0.03591757274238421,0.09200839077193725,0.0,0
Wyoming,WY,2000,10.8,3.9,17191.8,1.6,0.045411693303661745,0.07464495245802144,0.0,0
Alabama,AL,2001,15.9,5.1,123035.3,5.15,0.09206036125609215,0.15086464110533673,0.0,1
Alaska,AK,2001,8.5,6.4,28455.4,5.65,0.05980142461741417,0.13880236194876552,0.0,1
Arizona,AZ,2001,14.6,4.8,171480.5,5.15,0.05525235058387474,0.11077226657099291,0.0,0
Arkansas,AR,2001,17.8,5.0,70680.3,5.15,0.0952755844077678,0.1643560582277042,0.0,0
California,CA,2001,12.6,5.4,1387551.8,6.25,0.04838683949150245,0.19569794281569045,0.0,1
Colorado,CO,2001,8.7,3.8,187546.2,5.15,0.03478601175365542,0.06778744181411835,0.0,0
Connecticut,CT,2001,7.3,3.1,172834.5,6.4,0.04574382398221878,0.10769903010194198,0.0,0
Delaware,DE,2001,6.7,3.5,46555.9,6.15,0.04007294215526223,0.13337329819441773,0.0,1
District of Columbia,DC,2001,18.2,6.3,65518.4,6.15,0.12792600225585896,0.2184214557252865,0.0,.
Florida,FL,2001,12.7,4.7,516558.8,5.15,0.05424331138182961,0.11741046597516923,0.0,0
Georgia,GA,2001,12.9,4.0,317271.2,5.15,0.06846536926297815,0.11129817006918197,0.0,1
Hawaii,HI,2001,11.4,4.5,42982.8,5.25,0.08835040311660854,0.12319364279724752,0.0,1
Idaho,ID,2001,11.5,5.1,37493.8,6.15,0.045203574042283035,0.10485907927652463,0.0,0
Illinois,IL,2001,10.1,5.3,501155.5,5.15,0.06608468868622154,0.11802205959188675,0.0,0
Indiana,IN,2001,8.5,4.2,204705.6,5.15,0.05655427105500215,0.1089951303575858,0.0,1
Iowa,IA,2001,7.4,3.3,94973.4,5.15,0.043142608945370683,0.08634047033472408,0.0,1
Kansas,KS,2001,10.1,4.2,88594.7,2.65,0.0459946516900171,0.07644323323324065,0.0,0
Kentucky,KY,2001,12.6,5.2,117335.8,5.15,0.10144213609587889,0.1494211593920748,0.0,1
Louisiana,LA,2001,16.2,5.7,137847.7,5.15,0.11576562543617229,0.16435720068112666,0.0,0
Maine,ME,2001,10.3,3.8,38499.2,5.15,0.08118818503965179,0.1774180752466376,0.0,0
Maryland,MD,2001,7.2,4.0,205567.2,5.15,0.03877915958331372,0.10992315651262556,0.0,1
Massachusetts,MA,2001,8.9,3.7,297918.4,6.75,0.03426626155856993,0.15019036725139326,0.0,0
Michigan,MI,2001,9.4,5.2,348642.7,5.15,0.06418389529902553,0.11422863502790478,0.0,0
Minnesota,MN,2001,7.4,3.8,195282.3,5.15,0.039681937610931695,0.1019989580147371,0.0,0
Mississippi,MS,2001,19.3,5.5,67136.5,5.15,0.10438332502627065,0.19642277551232143,0.0,1
Missouri,MO,2001,9.7,4.6,190570.8,5.15,0.08055585198883489,0.15547029307186383,0.0,1
Montana,MT,2001,13.3,4.5,22793.3,5.15,0.06831274994183874,0.08299805614574386,0.0,0
Nebraska,NE,2001,9.4,3.1,59598.4,5.15,0.04689516907426057,0.11735886444986615,0.0,0
Nevada,NV,2001,7.1,5.2,80380.2,5.15,0.03327536850713329,0.05173801550610727,0.0,0
New Hampshire,NH,2001,6.5,3.4,46625.8,5.15,0.0283182147274788,0.06619663453382152,0.0,1
New Jersey,NJ,2001,8.1,4.3,373600.0,5.15,0.037394478132969006,0.09173733446167878,0.0,0
New Mexico,NM,2001,18.0,4.9,55970.3,4.25,0.08912261354268462,0.1821088721344769,0.0,0
New York,NY,2001,14.2,4.8,873780.7,5.15,0.07092980614309045,0.15054710415714895,0.0,0
North Carolina,NC,2001,12.5,5.5,288184.8,5.15,0.060129678949959575,0.12866203449839114,0.0,1
North Dakota,ND,2001,13.8,2.9,18960.6,5.15,0.059078774829359276,0.07295066832326128,0.0,0
Ohio,OH,2001,10.5,4.3,395710.0,4.25,0.05624662126679619,0.11039864748804908,0.0,0
Oklahoma,OK,2001,15.1,3.7,96759.9,5.15,0.07816359493524848,0.13370338323094227,0.0,0
Oregon,OR,2001,11.8,6.4,117295.4,6.5,0.08180800285587657,0.12156333866503342,0.0,1
Pennsylvania,PA,2001,9.6,4.8,424772.9,5.15,0.0608241177919777,0.11092359766712172,0.0,0
Rhode Island,RI,2001,9.6,4.6,35981.9,6.15,0.06741951412393037,0.1557860722589775,0.0,0
South Carolina,SC,2001,15.1,5.2,119290.0,5.15,0.0776675002060273,0.18570379545362295,0.0,1
South Dakota,SD,2001,8.4,3.1,23406.1,5.15,0.058833307826674335,0.11069406257750945,0.0,0
Tennessee,TN,2001,14.1,4.6,185855.0,5.15,0.09068494775238667,0.2532918526483931,0.0,0
Texas,TX,2001,14.9,5.0,772909.2,5.15,0.06382111277582689,0.0951009825596345,0.0,0
Utah,UT,2001,10.5,4.4,73392.0,5.15,0.034906282088614383,0.06064110451610643,0.0,0
Vermont,VT,2001,9.7,3.3,19271.8,6.25,0.06349647105711481,0.20343567621601932,0.0,1
Virginia,VA,2001,8.0,3.2,284396.6,5.15,0.04616494696988009,0.0730174448020258,0.0,0
Washington,WA,2001,10.7,6.3,239763.4,6.72,0.0515541817678803,0.13188300425579405,0.0,1
West Virginia,WV,2001,16.4,5.0,43982.8,5.15,0.12287723267689196,0.14454718090282384,0.0,1
Wisconsin,WI,2001,7.9,4.5,187974.0,5.15,0.03990985484114089,0.09829003474306133,0.0,0
Wyoming,WY,2001,8.7,3.8,18691.2,5.15,0.045564906591840405,0.08293827844344667,0.0,0
Alabama,AL,2002,14.5,5.9,128117.4,5.15,0.09900405996398733,0.16452597258670532,0.0,1
Alaska,AK,2002,8.8,7.3,29633.4,7.15,0.0718703733398512,0.1437640989075828,0.0,1
Arizona,AZ,2002,13.5,6.1,179475.6,5.15,0.07018237648146725,0.14898406394805286,0.0,0
Arkansas,AR,2002,19.8,5.5,73986.5,5.15,0.1049211601052061,0.18188184677561517,0.0,0
California,CA,2002,13.1,6.7,1439341.7,6.75,0.0490454720159184,0.21435230710347028,0.0,1
Colorado,CO,2002,9.8,5.5,191062.2,5.15,0.03974918971692092,0.07348066076875899,0.0,0
Connecticut,CT,2002,8.3,4.3,176191.6,6.7,0.04874334622142283,0.11783046413602144,0.0,0
Delaware,DE,2002,9.1,4.0,45828.2,6.15,0.04915594620978976,0.14301715893317654,0.0,1
District of Columbia,DC,2002,17.0,6.4,70072.6,6.15,0.1295820698655519,0.2264785626301997,0.0,.
Florida,FL,2002,12.6,5.6,548397.8,5.15,0.05902739288541149,0.12415621440473787,0.0,0
Georgia,GA,2002,11.2,5.0,326670.1,5.15,0.07588311870258722,0.12784993775457626,0.0,1
Hawaii,HI,2002,11.3,4.2,45449.9,5.75,0.08580903878871873,0.1279431564528607,0.0,1
Idaho,ID,2002,11.3,5.6,38820.0,5.15,0.05222281575562605,0.11354907443605208,0.0,0
Illinois,IL,2002,12.8,6.5,513611.5,5.15,0.0707628467750254,0.13144997315887613,0.0,0
Indiana,IN,2002,9.1,5.2,212438.6,5.15,0.06674564694710027,0.11747398905809599,0.0,1
Iowa,IA,2002,9.2,4.0,99123.2,5.15,0.04796106922624439,0.09236959288182196,0.0,1
Kansas,KS,2002,10.1,5.1,91049.7,2.65,0.05174173172632746,0.07930393379853218,0.0,0
Kentucky,KY,2002,14.2,5.7,122215.8,5.15,0.11005275222347871,0.15178703505608362,0.0,1
Louisiana,LA,2002,17.5,6.1,139566.7,5.15,0.13084791274345065,0.18406000800041447,0.0,0
Maine,ME,2002,13.4,4.3,40185.5,5.75,0.08576422111793573,0.23726812555943086,0.0,0
Maryland,MD,2002,7.4,4.4,218326.8,5.15,0.041969241537691514,0.11501953261062765,0.0,1
Massachusetts,MA,2002,10.0,5.3,303990.3,6.75,0.037795576454924464,0.15613321436151498,0.0,0
Michigan,MI,2002,11.6,6.3,362311.0,5.15,0.07488605400915162,0.12250384645721571,0.0,0
Minnesota,MN,2002,6.5,4.5,202853.9,5.15,0.043228294448921935,0.10350403023749062,0.0,0
Mississippi,MS,2002,18.4,6.6,69042.5,5.15,0.11363702350839426,0.20367645078272112,0.0,1
Missouri,MO,2002,9.9,5.4,196764.8,5.15,0.09075275449022657,0.16606591392686118,0.0,1
Montana,MT,2002,13.5,4.4,23868.0,5.15,0.06948480091963403,0.08674877998216454,0.0,0
Nebraska,NE,2002,10.6,3.6,61622.3,5.15,0.051182901963325644,0.12527281269600277,0.0,0
Nevada,NV,2002,8.9,5.6,84786.0,5.15,0.044638606011341474,0.06549847708450353,0.0,0
New Hampshire,NH,2002,5.8,4.5,48691.9,5.15,0.032348401097164976,0.06918900092901285,0.0,1
New Jersey,NJ,2002,7.9,5.8,388278.1,5.15,0.03739183314444435,0.09581763204660829,0.0,1
New Mexico,NM,2002,17.9,5.5,58033.8,4.25,0.09187526174885154,0.20520678765639577,0.0,0
New York,NY,2002,14.0,6.1,884104.3,5.15,0.07036566376490505,0.175795389229692,0.0,0
North Carolina,NC,2002,14.3,6.6,297906.7,5.15,0.06898332144515848,0.1326710705158331,0.0,1
North Dakota,ND,2002,11.6,3.7,20229.1,5.15,0.057635293527723105,0.08486793446239861,0.0,0
Ohio,OH,2002,9.8,5.7,411148.4,4.25,0.06440095972182057,0.12366319482947283,0.0,0
Oklahoma,OK,2002,14.1,4.7,99151.0,5.15,0.09076432755912733,0.14208415972118724,0.0,0
Oregon,OR,2002,10.9,7.5,121200.6,6.5,0.10221880422061215,0.12902997190205337,0.0,1
Pennsylvania,PA,2002,9.5,5.6,436474.1,5.15,0.06216957852104986,0.11523537650663598,0.0,1
Rhode Island,RI,2002,11.0,5.0,38110.6,6.15,0.06747967861012481,0.16207674520049345,0.0,0
South Carolina,SC,2002,14.3,5.8,124178.0,5.15,0.092339077290858,0.19332001718683625,0.0,1
South Dakota,SD,2002,11.5,3.2,26164.5,5.15,0.06271282334675403,0.1184429357122181,0.0,0
Tennessee,TN,2002,14.8,5.2,195331.6,5.15,0.10317813330002254,0.2498115052697433,0.0,0
Texas,TX,2002,15.6,6.4,787719.8,5.15,0.07166457856210084,0.10938660439619968,0.0,0
Utah,UT,2002,9.9,5.8,76159.1,5.15,0.03866931347225478,0.06603923322931073,0.0,0
Vermont,VT,2002,9.9,4.0,20161.5,6.25,0.06485420234563127,0.20799197974788852,0.0,1
Virginia,VA,2002,9.9,4.2,293399.4,5.15,0.04832964702417621,0.07496480314669955,0.0,1
Washington,WA,2002,11.0,7.4,248152.7,6.9,0.05789041577080238,0.14669510961776988,0.0,1
West Virginia,WV,2002,16.8,5.9,45433.6,5.15,0.13057171374543455,0.15349221840530758,0.0,1
Wisconsin,WI,2002,8.6,5.4,194844.9,5.15,0.04817303874522007,0.11051700573830493,0.0,0
Wyoming,WY,2002,9.0,4.0,19149.7,5.15,0.04705840001439951,0.10107256353283989,0.0,0
Alabama,AL,2003,15.0,6.0,133969.3,5.15,0.10482223679363409,0.16606206163174303,0.0,0
Alaska,AK,2003,9.6,7.8,31789.7,7.15,0.07817073659729741,0.14971144978362588,0.0,0
Arizona,AZ,2003,13.5,5.7,192764.8,5.15,0.0845956818823584,0.17570635987023725,0.0,1
Arkansas,AR,2003,17.8,5.9,78306.3,5.15,0.11390090193246076,0.20753658228665717,0.0,0
California,CA,2003,13.1,6.8,1530559.8,6.75,0.0484596004573661,0.22402817858110247,0.0,1
Colorado,CO,2003,9.7,6.0,196768.6,5.15,0.04594067390165724,0.0799146427741805,0.0,0
Connecticut,CT,2003,8.1,5.4,181230.3,6.9,0.05180671439264181,0.12333569437620252,0.0,0
Delaware,DE,2003,7.3,4.3,47731.3,6.15,0.05626751980127212,0.15223416051041377,0.0,1
District of Columbia,DC,2003,16.8,6.8,74178.3,6.15,0.14384645964306195,0.23730963127658303,0.0,.
Florida,FL,2003,12.7,5.2,583447.2,5.15,0.0612391081319577,0.12732481636030402,0.0,0
Georgia,GA,2003,11.9,4.8,340627.0,5.15,0.08700290033635273,0.14638679137954488,0.0,0
Hawaii,HI,2003,9.3,4.1,48922.8,6.25,0.08023153025127203,0.1380037948965515,0.0,0
Idaho,ID,2003,10.2,5.6,40417.7,5.15,0.05979550822221244,0.11961888835100999,0.0,0
Illinois,IL,2003,12.6,6.8,530142.9,5.15,0.07597392036926393,0.1431319003829721,0.0,1
Indiana,IN,2003,9.9,5.3,223500.2,5.15,0.07587695134038813,0.11978624538015614,0.0,1
Iowa,IA,2003,8.9,4.5,105020.4,5.15,0.05228281858695397,0.09890010159758722,0.0,1
Kansas,KS,2003,10.8,5.5,94630.2,2.65,0.05901754092171734,0.09046038860023708,0.0,1
Kentucky,KY,2003,14.4,6.1,127174.2,5.15,0.12209284532822302,0.15972063334766357,0.0,1
Louisiana,LA,2003,17.0,6.4,154449.3,5.15,0.1449444619182923,0.19979044653865194,0.0,0
Maine,ME,2003,11.6,5.0,41842.2,6.25,0.10147775031706535,0.18426223083888182,0.0,1
Maryland,MD,2003,8.6,4.4,228734.3,5.15,0.04590277513709755,0.12307967459380172,0.0,0
Massachusetts,MA,2003,10.3,5.7,315958.1,6.75,0.04549584161468198,0.14626648387365485,0.0,0
Michigan,MI,2003,11.4,7.2,372965.9,5.15,0.08341961161428489,0.12924752060321365,0.0,1
Minnesota,MN,2003,7.4,4.9,214847.2,5.15,0.04642874386671447,0.1110679733068016,0.0,0
Mississippi,MS,2003,16.0,6.3,73587.2,5.15,0.12403915613085327,0.2100008646200274,0.0,1
Missouri,MO,2003,10.7,5.6,205194.2,5.15,0.10360662927454937,0.17281071243350662,0.0,1
Montana,MT,2003,15.1,4.7,25647.4,5.15,0.07755292889531659,0.08937289997064037,0.0,0
Nebraska,NE,2003,9.8,3.9,66402.1,5.15,0.05708072329972283,0.11271089004470727,0.0,0
Nevada,NV,2003,10.9,5.1,90367.5,5.15,0.049515085488138384,0.07545589968205972,0.0,0
New Hampshire,NH,2003,5.8,4.3,51378.2,5.15,0.034991092636579575,0.0784824665583198,0.0,0
New Jersey,NJ,2003,8.6,5.8,404967.3,5.15,0.03941764377481718,0.09406373519107698,0.0,1
New Mexico,NM,2003,18.1,5.9,62865.4,5.15,0.10374824108131024,0.21773096559709498,0.0,1
New York,NY,2003,14.3,6.4,902544.3,5.15,0.07483002527281715,0.19417995645480515,0.0,0
North Carolina,NC,2003,15.7,6.4,309351.3,5.15,0.07710607573688623,0.1381702418319689,0.0,1
North Dakota,ND,2003,9.7,3.7,22072.5,5.15,0.062088203663960104,0.08993185841954739,0.0,0
Ohio,OH,2003,10.9,6.2,424426.6,4.25,0.07480689628876373,0.13794142925955427,0.0,0
Oklahoma,OK,2003,12.8,5.5,105130.0,5.15,0.10850519787770921,0.14559621237972525,0.0,1
Oregon,OR,2003,12.5,8.1,127153.5,6.9,0.11230188172891738,0.11647877191478997,0.0,1
Pennsylvania,PA,2003,10.5,5.7,454517.0,5.15,0.06648232217811595,0.12028332419368681,0.0,1
Rhode Island,RI,2003,11.5,5.3,40249.7,6.15,0.0691357194994689,0.16711376945923898,0.0,0
South Carolina,SC,2003,12.7,6.9,130313.7,5.15,0.10855994161381703,0.20977390292791095,0.0,0
South Dakota,SD,2003,12.7,3.5,27196.8,5.15,0.06700806176012696,0.1242521889308904,0.0,0
Tennessee,TN,2003,14.0,5.6,203328.4,5.15,0.12454316246828728,0.22915100553848175,0.0,1
Texas,TX,2003,17.0,6.7,829722.9,5.15,0.08499291291865968,0.12506298530915466,0.0,0
Utah,UT,2003,9.1,5.6,79138.0,5.15,0.04475587645971399,0.07996654431501223,0.0,0
Vermont,VT,2003,8.5,4.3,21124.0,6.25,0.06689724823503135,0.20757682185874424,0.0,0
Virginia,VA,2003,10.0,4.1,310132.7,5.15,0.05346982894069033,0.08261597667537172,0.0,1
Washington,WA,2003,12.6,7.4,257830.2,7.01,0.06618354994950128,0.1523444430519412,0.0,1
West Virginia,WV,2003,17.4,6.0,46747.5,5.15,0.13623058056221532,0.16237477894051466,0.0,1
Wisconsin,WI,2003,9.8,5.7,203048.5,5.15,0.05415367892009112,0.13479898445084076,0.0,1
Wyoming,WY,2003,9.8,4.3,21057.8,5.15,0.05026487080223973,0.11395502658639436,0.0,1
Alabama,AL,2004,16.9,5.7,146886.7,5.15,0.1098258139032372,0.1726545551499549,0.0,0
Alaska,AK,2004,9.2,7.5,34987.9,7.15,0.07481275197713891,0.14888075888157795,0.0,0
Arizona,AZ,2004,14.4,5.0,205390.5,5.15,0.09368686314707866,0.17989566917014424,0.0,1
Arkansas,AR,2004,15.1,5.7,84557.0,5.15,0.12599293155654864,0.2110400969419781,0.0,0
California,CA,2004,13.3,6.2,1632428.7,6.75,0.052270081869703805,0.22340834083307134,0.0,0
Colorado,CO,2004,10.0,5.5,204374.6,5.15,0.05284793726269193,0.08620893536258804,0.0,0
Connecticut,CT,2004,10.0,5.0,198282.4,7.1,0.056056845153476996,0.12530126478292633,0.0,0
Delaware,DE,2004,9.1,4.0,51337.7,6.15,0.06697375912219865,0.1611597454510877,0.0,1
District of Columbia,DC,2004,16.7,7.8,80557.4,6.15,0.15615037498634973,0.24524706122722165,0.0,.
Florida,FL,2004,11.6,4.6,636087.5,5.15,0.06903273313757463,0.12388725833200405,0.0,0
Georgia,GA,2004,13.1,4.8,364229.0,5.15,0.09888505883968211,0.14998827722136393,0.0,0
Hawaii,HI,2004,8.4,3.4,53761.1,6.25,0.07741158900695604,0.14261967745760143,0.0,0
Idaho,ID,2004,9.9,4.9,43865.9,5.15,0.06566666810365268,0.12432371845995335,0.0,0
Illinois,IL,2004,12.2,6.2,561037.0,5.5,0.08495752862263681,0.1515806520101673,0.0,1
Indiana,IN,2004,11.6,5.4,236921.3,5.15,0.0844414261046073,0.12554421966797086,0.0,1
Iowa,IA,2004,10.8,4.5,116834.4,5.15,0.0606638938122009,0.10456843855114122,0.0,1
Kansas,KS,2004,11.4,5.5,98013.9,2.65,0.06199885677630667,0.09480198934088363,0.0,1
Kentucky,KY,2004,17.7,5.4,134190.8,5.15,0.1313870549704409,0.1632562737859015,0.0,0
Louisiana,LA,2004,16.7,5.9,169836.2,5.15,0.15502265039745286,0.21034840445512734,0.0,1
Maine,ME,2004,11.6,4.6,44525.7,6.35,0.10803859059380919,0.1964324862524435,0.0,1
Maryland,MD,2004,9.8,4.3,246682.0,5.15,0.04937357297318249,0.1251631756997333,0.0,0
Massachusetts,MA,2004,9.2,5.1,330936.7,6.75,0.0522339866265998,0.15027055115020693,0.0,0
Michigan,MI,2004,13.3,7.0,381443.4,5.15,0.09385215679469017,0.143352247045468,0.0,1
Minnesota,MN,2004,7.0,4.7,230245.2,5.15,0.04863973262642763,0.11273729473340968,0.0,0
Mississippi,MS,2004,18.6,6.2,77297.6,5.15,0.13044745431826127,0.22734466131996775,0.0,0
Missouri,MO,2004,12.2,5.9,215413.2,5.15,0.12172016797555771,0.17664644248931885,0.0,1
Montana,MT,2004,14.1,4.8,27894.9,5.15,0.08330887120447221,0.09184212195795954,0.0,0
Nebraska,NE,2004,9.4,3.9,70320.2,5.15,0.06510915358100344,0.11660426324905537,0.0,0
Nevada,NV,2004,10.9,4.3,103445.9,5.15,0.051263264942533145,0.07968512783530288,0.0,0
New Hampshire,NH,2004,5.4,3.8,54125.9,5.15,0.03755384184894285,0.08136756164731836,0.0,0
New Jersey,NJ,2004,8.0,4.8,422633.4,5.15,0.04269991259544058,0.09523321452011284,0.0,1
New Mexico,NM,2004,16.5,5.5,69696.5,5.15,0.11698448583050391,0.22475585773355297,0.0,1
New York,NY,2004,15.0,5.8,952281.8,5.15,0.0833600612824189,0.20797595731220092,0.0,0
North Carolina,NC,2004,14.6,5.5,327275.9,5.15,0.0873682590932559,0.14123144309840396,0.0,1
North Dakota,ND,2004,9.7,3.4,23151.9,5.15,0.06424798939049643,0.08310467578194679,0.0,0
Ohio,OH,2004,11.6,6.3,445410.3,4.25,0.08255451264559256,0.14066457327908724,0.0,0
Oklahoma,OK,2004,10.8,4.9,112872.2,5.15,0.11682632041626752,0.14947068746945238,0.0,1
Oregon,OR,2004,11.7,7.3,136304.4,7.05,0.11759079727118617,0.11857273769191612,0.0,1
Pennsylvania,PA,2004,11.3,5.4,480811.1,5.15,0.07742829144025626,0.127931316163556,0.0,1
Rhode Island,RI,2004,11.5,5.2,43218.3,6.75,0.0721473246731976,0.17155555803714756,0.0,0
South Carolina,SC,2004,14.9,6.8,135143.4,5.15,0.1180782066441047,0.20238897856312194,0.0,0
South Dakota,SD,2004,13.4,3.7,29030.5,5.15,0.0693915856260936,0.1257599987538876,0.0,0
Tennessee,TN,2004,15.9,5.3,217939.2,5.15,0.13644325167671634,0.23302969187466555,0.0,1
Texas,TX,2004,16.5,5.9,907476.2,5.15,0.10087294274905406,0.12892466887258267,0.0,0
Utah,UT,2004,9.9,5.0,85783.4,5.15,0.05138741994853388,0.08435529942787665,0.0,0
Vermont,VT,2004,7.9,3.7,22657.8,6.75,0.06914117950703316,0.20604271518905665,0.0,0
Virginia,VA,2004,9.3,3.8,332668.5,5.15,0.06499526792253439,0.08926564177337529,0.0,1
Washington,WA,2004,11.5,6.3,269983.0,7.16,0.07339748439989674,0.1465589947310454,0.0,1
West Virginia,WV,2004,14.2,5.3,49280.5,5.15,0.14089993712970109,0.16470697045536373,0.0,1
Wisconsin,WI,2004,12.3,5.0,215016.8,5.15,0.05876776787051784,0.14436003747534015,0.0,1
Wyoming,WY,2004,9.9,3.8,23220.1,5.15,0.05037850663712468,0.11372091470145707,0.0,1
Alabama,AL,2005,16.7,4.5,156403.3,5.15,0.12223628798165348,0.17692768072160628,0.0,0
Alaska,AK,2005,10.0,6.9,39788.7,7.15,0.08331559076746843,0.1491050249945273,0.0,0
Arizona,AZ,2005,15.2,4.7,228232.6,5.15,0.09424280584071763,0.18779560536708112,0.0,1
Arkansas,AR,2005,13.8,5.2,89643.1,5.15,0.13439444938454143,0.22047666801984972,0.0,0
California,CA,2005,13.2,5.4,1752648.9,6.75,0.0555997311930523,0.22493445967578993,0.0,0
Colorado,CO,2005,11.4,5.0,220307.4,5.15,0.05309411626533284,0.08853430825615818,0.0,0
Connecticut,CT,2005,9.3,4.9,208660.9,7.1,0.05821173690231642,0.12785247376927455,0.0,0
Delaware,DE,2005,9.2,4.1,52028.2,6.15,0.07286990475063598,0.16450807548955806,0.0,1
District of Columbia,DC,2005,21.3,6.4,85349.2,7.0,0.15657443717203634,0.2505518958415618,0.0,.
Florida,FL,2005,11.1,3.7,697260.1,5.15,0.07744653385448456,0.12678697355089144,0.0,0
Georgia,GA,2005,14.4,5.3,386999.9,5.15,0.10323045619264878,0.15356464015706164,0.0,0
Hawaii,HI,2005,8.6,2.9,58658.7,6.25,0.07236474156609776,0.14711900173973044,0.0,0
Idaho,ID,2005,9.9,4.0,47958.1,5.15,0.06542383253246475,0.12282801011874046,0.0,0
Illinois,IL,2005,11.5,5.7,589149.4,6.5,0.09185407691082159,0.15997942252212408,0.0,1
Indiana,IN,2005,12.6,5.5,243862.2,5.15,0.08859993985935755,0.12972110414142224,0.0,0
Iowa,IA,2005,11.3,4.3,122256.2,5.15,0.06972481273111339,0.10389704141133578,0.0,1
Kansas,KS,2005,12.5,5.0,103966.3,2.65,0.06475870205759009,0.09732163964653759,0.0,1
Kentucky,KY,2005,14.8,5.9,142708.0,5.15,0.13634046756888185,0.1645360866149526,0.0,0
Louisiana,LA,2005,18.3,7.2,197783.5,5.15,0.17652647320254125,0.2193647812319463,0.0,1
Maine,ME,2005,12.6,4.9,45869.8,6.5,0.11594745777748795,0.20447123000150896,0.0,1
Maryland,MD,2005,9.7,4.1,266065.2,5.15,0.051667277915177064,0.12719220210218227,0.0,0
Massachusetts,MA,2005,10.1,4.8,346084.7,6.75,0.05748950929912592,0.1584476105252144,0.0,0
Michigan,MI,2005,12.0,6.8,394141.2,5.15,0.1042264173694976,0.1474780415389821,0.0,1
Minnesota,MN,2005,8.1,4.1,243069.9,6.15,0.050772931780971864,0.1142394383309002,0.0,0
Mississippi,MS,2005,20.1,7.5,81224.5,5.15,0.1496787789712324,0.23122201639880754,0.0,0
Missouri,MO,2005,11.6,5.4,225089.0,5.15,0.13236360810320708,0.17586636271004957,0.0,0
Montana,MT,2005,13.8,4.4,30528.0,5.15,0.08602258052849585,0.09174749122967507,0.0,1
Nebraska,NE,2005,9.5,3.8,74120.0,5.15,0.06665637239234583,0.11529568316040277,0.0,0
Nevada,NV,2005,10.6,4.1,117056.1,5.15,0.05004105432945349,0.07216393115042989,0.0,0
New Hampshire,NH,2005,5.6,3.6,56346.8,5.15,0.040285192361601,0.08351610945619996,0.0,1
New Jersey,NJ,2005,6.8,4.5,440493.8,6.15,0.04535566103180615,0.09580726895388267,0.0,1
New Mexico,NM,2005,17.9,5.1,73662.3,5.15,0.12453565074104397,0.21358720347114332,0.0,1
New York,NY,2005,14.5,5.0,1012180.8,6.0,0.0917209413665987,0.21877522199009963,0.0,0
North Carolina,NC,2005,13.1,5.2,351337.3,5.15,0.09186784718968338,0.14164828824200867,0.0,1
North Dakota,ND,2005,11.2,3.4,24461.1,5.15,0.06532226984208057,0.0834544466783988,0.0,0
Ohio,OH,2005,12.3,5.9,465892.9,4.25,0.08786041042211157,0.1496966847300782,0.0,0
Oklahoma,OK,2005,15.6,4.5,124370.4,5.15,0.11959712528641601,0.1571849381600672,0.0,1
Oregon,OR,2005,12.0,6.2,143592.0,7.25,0.11883033387006871,0.11209364989834501,0.0,1
Pennsylvania,PA,2005,11.2,5.0,504870.6,5.15,0.0837598263131135,0.13602492853407913,0.0,1
Rhode Island,RI,2005,12.1,5.0,45133.1,6.75,0.0712462403410006,0.17411013600320624,0.0,0
South Carolina,SC,2005,15.0,6.7,142615.1,5.15,0.12203903844127255,0.20043487933679144,0.0,0
South Dakota,SD,2005,11.8,3.8,30535.0,5.15,0.07233463100247198,0.12920297152907892,0.0,0
Tennessee,TN,2005,14.9,5.6,228126.3,5.15,0.14182856213853415,0.2315088973448258,0.0,1
Texas,TX,2005,16.2,5.4,986202.7,5.15,0.10761189585287602,0.13067090734385797,0.0,0
Utah,UT,2005,9.2,4.1,94303.0,5.15,0.05422222800897906,0.08546054288549668,0.0,0
Vermont,VT,2005,7.6,3.5,23500.9,7.0,0.07278961390178923,0.20379417753917725,0.0,0
Virginia,VA,2005,9.2,3.6,360842.3,5.15,0.06446802571694599,0.09420669239769015,0.0,1
Washington,WA,2005,10.2,5.6,295858.7,7.35,0.08126054267771829,0.14957797326484804,0.0,1
West Virginia,WV,2005,15.4,5.1,53292.7,5.15,0.14415993039244338,0.1678628634457059,0.0,1
Wisconsin,WI,2005,10.2,4.7,225590.7,5.7,0.062340002084322756,0.14825016056136797,0.0,1
Wyoming,WY,2005,10.6,3.6,27219.2,5.15,0.04955879235330843,0.11848326483933895,0.0,1
Alabama,AL,2006,14.3,4.0,164347.8,5.15,0.11810029032307542,0.16714456162166144,0.0,0
Alaska,AK,2006,8.9,6.6,44457.1,7.15,0.0846332455701301,0.14909181373666894,0.0,0
Arizona,AZ,2006,14.4,4.2,248154.2,5.15,0.08969470111911465,0.17626209106736765,0.0,1
Arkansas,AR,2006,17.7,5.2,94451.6,5.15,0.1364002833691443,0.22377373562112454,0.0,0
California,CA,2006,12.2,4.9,1874851.3,6.75,0.05551330574698757,0.22366657836681852,0.0,0
Colorado,CO,2006,9.7,4.3,231256.3,5.15,0.053254761278809126,0.08550229502737361,0.0,0
Connecticut,CT,2006,8.0,4.3,222914.3,7.4,0.059784048716971905,0.12607279116180425,0.0,0
Delaware,DE,2006,9.3,3.6,54956.7,6.15,0.07645810154689806,0.17110843182802107,0.0,1
District of Columbia,DC,2006,18.3,5.8,88580.5,7.0,0.15624841198497935,0.25076706601411297,0.0,.
Florida,FL,2006,11.5,3.2,744660.6,6.4,0.07803984039183155,0.12288623486884728,0.0,0
Georgia,GA,2006,12.6,4.7,402501.1,5.15,0.10341102423127252,0.14384992354037812,0.0,0
Hawaii,HI,2006,9.2,2.6,62349.9,6.75,0.06714508551756047,0.1465904067323748,0.0,0
Idaho,ID,2006,9.5,3.5,50985.5,5.15,0.062033038077333964,0.12256744031500631,0.0,0
Illinois,IL,2006,10.6,4.5,623471.2,6.5,0.09689159760533789,0.15079617097656547,0.0,1
Indiana,IN,2006,10.6,5.0,255462.9,5.15,0.09075099298573792,0.13130119385680825,0.0,0
Iowa,IA,2006,10.3,3.7,127052.6,5.15,0.07567681560387361,0.12155758447873766,0.0,1
Kansas,KS,2006,12.8,4.4,112634.0,2.65,0.06625970753522256,0.09934775787017483,0.0,1
Kentucky,KY,2006,16.8,5.7,151185.8,5.15,0.13962280875769303,0.16662364943062008,0.0,0
Louisiana,LA,2006,17.0,4.5,205888.0,5.15,0.19287627551761524,0.23496530638569352,0.0,1
Maine,ME,2006,10.2,4.6,47929.5,6.75,0.12110282490656299,0.20807271578906014,0.0,1
Maryland,MD,2006,8.4,3.9,279423.6,5.15,0.05426960779348495,0.12308758252305207,0.0,0
Massachusetts,MA,2006,12.0,4.9,361657.3,6.75,0.0673186186015659,0.16309099849549555,0.0,0
Michigan,MI,2006,13.3,7.0,395685.3,6.95,0.11297168685665251,0.15250982928495696,0.0,1
Minnesota,MN,2006,8.2,4.0,250156.6,6.15,0.05112485487227308,0.11333741966532747,0.0,0
Mississippi,MS,2006,20.6,6.5,86064.5,5.15,0.15411820674717674,0.21510386653530594,0.0,0
Missouri,MO,2006,11.4,4.8,232906.3,5.15,0.13629819343920213,0.15289598788506142,0.0,0
Montana,MT,2006,13.5,3.5,32967.0,5.15,0.08561738736128781,0.08829401317529695,0.0,1
Nebraska,NE,2006,10.2,3.1,78283.1,5.15,0.06751479246547484,0.11610696268332983,0.0,0
Nevada,NV,2006,9.5,4.0,127008.3,6.15,0.046744346637554515,0.06917505266270735,0.0,0
New Hampshire,NH,2006,5.4,3.4,59395.5,5.15,0.04305905965274853,0.08536375649749425,0.0,1
New Jersey,NJ,2006,8.8,4.7,464317.7,7.15,0.046834684129947554,0.1018532319195851,0.0,1
New Mexico,NM,2006,16.9,4.2,77396.5,5.15,0.12469669549068184,0.20696872848328124,0.0,1
New York,NY,2006,14.0,4.5,1068634.7,6.75,0.09348068538984082,0.21653540442628805,0.0,0
North Carolina,NC,2006,13.8,4.7,382799.0,5.15,0.09581486262051053,0.1485230345161692,0.0,1
North Dakota,ND,2006,11.4,3.2,26209.0,5.15,0.06555983628518898,0.08265657769524284,0.0,0
Ohio,OH,2006,12.1,5.4,477200.7,5.15,0.09261129464282215,0.1537807024397161,0.0,0
Oklahoma,OK,2006,15.2,4.0,136949.6,5.15,0.12117643130806408,0.16266899270747254,0.0,1
Oregon,OR,2006,11.8,5.3,155166.1,7.5,0.11829279222465004,0.10838945289185191,0.0,1
Pennsylvania,PA,2006,11.3,4.6,525666.1,5.15,0.08730834272987462,0.13538812717866605,0.0,1
Rhode Island,RI,2006,10.5,4.9,47684.8,7.1,0.06885079052126995,0.1761411951507672,0.0,0
South Carolina,SC,2006,11.2,6.4,150661.4,5.15,0.12260503868079811,0.18094531542754944,0.0,0
South Dakota,SD,2006,10.7,3.1,31824.1,5.15,0.07466607409904819,0.13040446571217304,0.0,0
Tennessee,TN,2006,14.9,5.2,240111.1,5.15,0.1429544180216484,0.20802967300763406,0.0,1
Texas,TX,2006,16.4,4.9,1084171.8,5.15,0.1122686281174576,0.1288155437726192,0.0,0
Utah,UT,2006,9.3,3.0,106028.3,5.15,0.052168930832502146,0.08101343611401592,0.0,0
Vermont,VT,2006,7.8,3.7,24304.7,7.25,0.07654135869460517,0.20422962568149855,0.0,0
Virginia,VA,2006,8.6,3.1,378981.2,5.15,0.0660247793607407,0.09539135165776726,0.0,1
Washington,WA,2006,8.0,5.0,317313.8,7.35,0.08409806501680414,0.1460336007376208,0.0,1
West Virginia,WV,2006,15.3,4.9,56578.0,5.85,0.14641295642240984,0.17362870860303997,0.0,1
Wisconsin,WI,2006,10.1,4.7,235848.0,5.7,0.06596284639333197,0.15193374276465646,0.0,1
Wyoming,WY,2006,10.0,3.2,32455.9,5.15,0.046369868386563526,0.11724290992161357,0.0,1
Alabama,AL,2007,14.5,4.0,170263.9,5.15,0.11683580007019286,0.15395284238279078,0.0,0
Alaska,AK,2007,7.6,6.3,49002.6,7.15,0.0825826841099515,0.1414331912391592,0.0,0
Arizona,AZ,2007,14.3,3.9,262245.3,6.75,0.08831325744635625,0.1779017105456654,0.0,1
Arkansas,AR,2007,13.8,5.3,96991.9,6.25,0.13331507907254314,0.2175525248802064,0.0,1
California,CA,2007,12.7,5.4,1955320.9,7.5,0.056501170431337816,0.22354718556759418,0.0,0
Colorado,CO,2007,9.8,3.7,246151.0,6.85,0.05218794521414827,0.08431580551339046,0.0,1
Connecticut,CT,2007,8.9,4.5,237397.6,7.65,0.06026246927510511,0.1264759998525772,0.0,0
Delaware,DE,2007,9.3,3.4,56281.3,6.65,0.0770692022589071,0.16863225538543777,0.0,1
District of Columbia,DC,2007,18.0,5.5,94036.8,7.0,0.1506239510866916,0.25208564007214435,0.0,.
Florida,FL,2007,12.5,4.0,768568.1,6.67,0.06711746540502689,0.11143388537423177,0.0,0
Georgia,GA,2007,13.6,4.5,414779.6,5.15,0.10160847265258523,0.1301789906040521,0.0,0
Hawaii,HI,2007,7.5,2.8,65223.8,7.25,0.0681239667851103,0.14413133942653011,0.0,0
Idaho,ID,2007,9.9,3.1,53864.9,5.15,0.057848455755578516,0.12216689201085638,0.0,0
Illinois,IL,2007,10.0,5.0,648243.6,7.5,0.09817368897875892,0.15963062307053336,0.0,1
Indiana,IN,2007,11.8,4.6,269071.3,5.15,0.09203650574275907,0.13273718301103252,0.0,0
Iowa,IA,2007,8.9,3.7,137179.9,5.15,0.07947054092875062,0.12220576604788191,0.0,1
Kansas,KS,2007,11.7,4.2,122349.1,2.65,0.06552481603284736,0.09423357048047892,0.0,1
Kentucky,KY,2007,15.5,5.4,154542.4,5.15,0.14143020650874674,0.1662390242893979,0.0,0
Louisiana,LA,2007,16.1,4.3,206602.3,5.15,0.1486332900705072,0.22420473989625606,0.0,1
Maine,ME,2007,10.9,4.7,49163.3,6.75,0.12252984084880636,0.2303088075717386,0.0,1
Maryland,MD,2007,8.8,3.5,287759.7,6.15,0.056218302305441246,0.12115276307671408,0.0,1
Massachusetts,MA,2007,11.2,4.6,380288.4,7.5,0.0709302363548247,0.18893708352827052,0.0,1
Michigan,MI,2007,10.8,7.0,403717.4,6.95,0.1204254373738412,0.15887770010330673,0.0,1
Minnesota,MN,2007,9.3,4.6,259296.2,6.15,0.05308300828679043,0.11505216908194284,0.0,0
Mississippi,MS,2007,22.6,6.1,91219.5,5.15,0.14551402667030922,0.20268512985128143,0.0,0
Missouri,MO,2007,12.8,5.1,240391.9,6.5,0.13994043765112238,0.14746623928343103,0.0,0
Montana,MT,2007,13.0,3.6,36090.7,6.15,0.08289468501284329,0.08463822138558276,0.0,1
Nebraska,NE,2007,9.9,3.0,83299.6,5.15,0.06764118781680348,0.11572410622168394,0.0,0
Nevada,NV,2007,9.7,4.5,131492.6,6.15,0.04698985648993953,0.06728571911888637,0.0,0
New Hampshire,NH,2007,5.8,3.5,60711.2,5.15,0.04502796105261554,0.08499245737272769,0.0,1
New Jersey,NJ,2007,8.7,4.3,480445.0,7.15,0.047765440542251944,0.10404931616401923,0.0,1
New Mexico,NM,2007,14.0,3.8,80543.4,5.15,0.11754259900405513,0.20884240252855427,0.0,1
New York,NY,2007,14.5,4.6,1109748.6,7.15,0.0941852628024755,0.21111981365578222,0.0,1
North Carolina,NC,2007,15.5,4.7,396632.2,6.15,0.09683509729122618,0.14585518790941515,0.0,1
North Dakota,ND,2007,9.3,3.1,28781.7,5.15,0.06911838142709652,0.08063913287236031,0.0,0
Ohio,OH,2007,12.8,5.6,490823.7,6.85,0.09362784192782415,0.15218119819123882,0.0,1
Oklahoma,OK,2007,13.4,4.1,144799.5,5.15,0.1159261259719416,0.1706242300890751,0.0,1
Oregon,OR,2007,12.8,5.2,161431.6,7.8,0.11779926859349718,0.1010262955493702,0.0,1
Pennsylvania,PA,2007,10.4,4.4,559142.6,6.25,0.09034954568778879,0.1355177919150661,0.0,1
Rhode Island,RI,2007,9.5,5.2,47759.9,7.4,0.07217811153724292,0.1738706062053409,0.0,0
South Carolina,SC,2007,14.1,5.7,159101.4,5.15,0.12270015818690357,0.16291720952001637,0.0,0
South Dakota,SD,2007,9.4,2.8,34816.0,5.15,0.076104408285257,0.12990779701954086,0.0,0
Tennessee,TN,2007,14.8,4.7,244194.2,5.15,0.14004343132395586,0.2036906747982869,0.0,1
Texas,TX,2007,16.5,4.3,1178221.1,5.15,0.10163644376550621,0.1318965358442896,0.0,0
Utah,UT,2007,9.6,2.6,114657.1,5.15,0.04753159084837394,0.07426823099717986,0.0,0
Vermont,VT,2007,9.9,4.0,24689.3,7.53,0.08438428757251625,0.20165329817588667,0.0,0
Virginia,VA,2007,8.6,3.0,392929.0,5.15,0.06644716810734098,0.09362856405625081,0.0,1
Washington,WA,2007,10.2,4.7,346491.1,7.93,0.08300329315383358,0.13939934570253407,0.0,1
West Virginia,WV,2007,14.8,4.6,58628.8,5.85,0.14685679577242083,0.1714346158124197,0.0,1
Wisconsin,WI,2007,11.0,4.9,243841.3,6.5,0.06822052212038444,0.149240702042053,0.0,1
Wyoming,WY,2007,10.9,2.8,36613.5,5.15,0.04226774056042896,0.10761559688600722,0.0,1
Alabama,AL,2008,14.3,5.7,172677.2,5.85,0.12114583381904054,0.15780510643240248,0.0,0
Alaska,AK,2008,8.2,6.7,54759.0,7.15,0.08288106130583092,0.14069284534987744,0.0,0
Arizona,AZ,2008,18.0,6.2,259262.6,6.9,0.09994009899429364,0.18610567352646232,0.0,1
Arkansas,AR,2008,15.3,5.5,99014.4,6.25,0.13145795834762541,0.21489907651760934,0.0,1
California,CA,2008,14.6,7.3,1990187.9,8.0,0.06065202055155377,0.2259033949993412,0.0,0
Colorado,CO,2008,11.0,4.8,255830.2,7.02,0.051727395991189695,0.08684344534360793,0.0,1
Connecticut,CT,2008,8.1,5.7,240576.2,7.65,0.06356733272619225,0.1331562489511586,0.0,0
Delaware,DE,2008,9.6,4.9,54777.6,7.15,0.08420770381298692,0.1758089953997968,0.0,1
District of Columbia,DC,2008,16.5,6.5,99532.3,7.0,0.15414762269145657,0.24859022880345238,0.0,.
Florida,FL,2008,13.1,6.3,750972.8,6.79,0.07852885241539447,0.11878343882178223,0.0,0
Georgia,GA,2008,15.5,6.2,411851.7,5.15,0.10743523065031163,0.13187613935338016,0.0,0
Hawaii,HI,2008,9.9,4.3,66857.7,7.25,0.07247414640151387,0.14837567265895169,0.0,0
Idaho,ID,2008,12.2,5.1,55584.4,5.85,0.065304499713228,0.11559713749413421,0.0,0
Illinois,IL,2008,12.3,6.3,648732.0,7.75,0.1019407802816623,0.16796741329240567,0.0,1
Indiana,IN,2008,14.3,5.9,273140.1,5.85,0.09703250183740957,0.13862519739895648,0.0,0
Iowa,IA,2008,9.5,4.2,137116.2,7.25,0.08558029975463531,0.12819393423483808,0.0,1
Kansas,KS,2008,12.7,4.6,127824.5,2.65,0.06679626904684915,0.09574740854592255,0.0,1
Kentucky,KY,2008,17.1,6.4,158209.2,5.85,0.14760186653326737,0.16804021000131006,0.0,1
Louisiana,LA,2008,18.2,4.9,215289.0,5.85,0.1782702443375013,0.23644136310286848,0.0,0
Maine,ME,2008,12.0,5.5,49978.5,7.0,0.13005473844972112,0.2250296690965638,0.0,1
Maryland,MD,2008,8.7,4.2,296325.5,6.15,0.06332228958313728,0.1260653319765381,0.0,1
Massachusetts,MA,2008,11.3,5.5,388099.9,8.0,0.07818589892327477,0.20431948408455322,0.0,1
Michigan,MI,2008,13.0,8.0,385990.3,7.15,0.12630813513652359,0.16610309012194668,0.0,1
Minnesota,MN,2008,9.9,5.4,264866.4,6.15,0.056016198152931816,0.11814234294603145,0.0,0
Mississippi,MS,2008,18.1,6.6,96921.1,6.55,0.1516996030267935,0.20633345613653,0.0,0
Missouri,MO,2008,13.3,6.1,251691.6,6.65,0.1499960499102283,0.14820804346314162,0.0,0
Montana,MT,2008,12.9,5.1,36814.5,6.25,0.08234920602407787,0.08344300323120804,0.0,1
Nebraska,NE,2008,10.6,3.3,85661.3,5.85,0.06725143594499598,0.11576572414046486,0.0,0
Nevada,NV,2008,10.8,6.7,129095.5,6.33,0.05445144952385977,0.07144816722753361,0.0,0
New Hampshire,NH,2008,7.0,3.9,60865.3,6.5,0.048318800886993446,0.08915226467544034,0.0,1
New Jersey,NJ,2008,9.2,5.3,494855.4,7.15,0.0502646626311977,0.10750571972049422,0.0,1
New Mexico,NM,2008,19.3,4.5,83691.3,6.5,0.11934328096915345,0.2361545600404245,0.0,1
New York,NY,2008,14.2,5.4,1101636.8,7.15,0.10165244011743227,0.21275292732269868,0.0,1
North Carolina,NC,2008,13.9,6.1,413064.9,6.15,0.10172223941502875,0.14980070249055558,0.0,1
North Dakota,ND,2008,11.8,3.2,31852.1,5.85,0.07362269206729637,0.08165226767076915,0.0,0
Ohio,OH,2008,13.7,6.4,491609.1,7.0,0.09994693189315065,0.15751076103277778,0.0,1
Oklahoma,OK,2008,13.6,3.7,159761.3,5.85,0.1142111586448099,0.16691578249626055,0.0,1
Oregon,OR,2008,10.6,6.5,165050.8,7.95,0.12452809261855662,0.10520416859922711,0.0,1
Pennsylvania,PA,2008,11.0,5.3,581527.3,7.15,0.09417976203360454,0.14396645810017772,0.0,1
Rhode Island,RI,2008,12.7,7.8,47078.4,7.4,0.08044337314680622,0.17349429338115627,0.0,0
South Carolina,SC,2008,14.0,6.8,161797.9,5.85,0.13021936870776657,0.16242915648413025,0.0,0
South Dakota,SD,2008,13.1,3.1,36475.6,5.85,0.07876750041295218,0.13045409723647394,0.0,0
Tennessee,TN,2008,15.0,6.6,251549.8,5.85,0.14586090141980415,0.20440691351985646,0.0,1
Texas,TX,2008,15.9,4.8,1236361.8,5.85,0.10416071980467842,0.1320294891130826,0.0,0
Utah,UT,2008,7.6,3.6,115885.0,5.85,0.05038623312025517,0.07474045532361834,0.0,0
Vermont,VT,2008,9.0,4.7,25667.8,7.68,0.08947674521069421,0.2199916366392107,0.0,0
Virginia,VA,2008,10.3,3.9,400305.5,5.85,0.06958310823162481,0.09598064516787906,0.0,1
Washington,WA,2008,10.4,5.4,355596.6,8.07,0.0885371148927857,0.1441872436371106,0.0,1
West Virginia,WV,2008,14.5,4.3,61994.1,6.55,0.15040944188750807,0.17662078671528167,0.0,1
Wisconsin,WI,2008,9.8,4.9,244634.3,6.5,0.07494793472642065,0.1550859103605108,0.0,1
Wyoming,WY,2008,10.1,3.1,42550.2,5.15,0.041403332704567225,0.10471153370705237,0.0,1
Alabama,AL,2009,16.6,11.0,169128.5,6.55,0.14273788351172292,0.16826385715829,0.0,0
Alaska,AK,2009,11.7,7.7,49651.6,7.15,0.09212399573612631,0.14587598995557272,0.0,0
Arizona,AZ,2009,21.2,9.9,243764.6,7.25,0.12832527792955997,0.20549067545892785,0.0,0
Arkansas,AR,2009,18.9,7.8,96983.7,6.25,0.1419314060168259,0.2180290751000313,0.0,1
California,CA,2009,15.3,11.2,1919271.1,8.0,0.07224708355882863,0.23582062165735884,0.0,0
Colorado,CO,2009,12.3,7.3,248669.1,7.28,0.06418111115915606,0.09735780676341133,0.0,1
Connecticut,CT,2009,8.4,7.9,236921.6,8.0,0.07248146797398063,0.1413939609866565,0.0,0
Delaware,DE,2009,12.3,8.3,57267.3,7.15,0.10197369158826101,0.1864308703307055,0.0,1
District of Columbia,DC,2009,17.9,9.3,100916.9,7.55,0.17444463956449205,0.2574160627325962,0.0,.
Florida,FL,2009,14.6,10.4,725658.1,7.21,0.1046694506151514,0.14225993912712856,0.0,0
Georgia,GA,2009,18.4,9.9,406066.3,5.15,0.13367618606513398,0.1451641570814043,0.0,0
Hawaii,HI,2009,12.5,7.2,65711.3,7.25,0.0850950867925481,0.1629451473472155,0.0,0
Idaho,ID,2009,13.7,8.8,53763.9,6.55,0.08764769797978564,0.12144638676718739,0.0,0
Illinois,IL,2009,13.2,10.2,645146.7,8.0,0.11428040714623634,0.1904347328679141,0.0,1
Indiana,IN,2009,16.1,10.3,261500.2,6.55,0.1094069426758988,0.15267168009041193,0.0,0
Iowa,IA,2009,10.7,6.4,136819.9,7.25,0.09730255500565471,0.14192332674991015,0.0,1
Kansas,KS,2009,13.7,6.9,124779.5,2.65,0.07740484003976413,0.10103350014685615,0.0,1
Kentucky,KY,2009,17.0,10.3,156038.5,6.55,0.16255385013089885,0.1774530619581689,0.0,1
Louisiana,LA,2009,14.3,6.8,207119.8,6.55,0.161129723433359,0.24555708728733863,0.0,0
Maine,ME,2009,11.4,8.1,50567.9,7.25,0.1513609458554893,0.23600583638565273,0.0,1
Maryland,MD,2009,9.6,7.0,302388.8,6.55,0.07926095056739614,0.14249227102946607,0.0,1
Massachusetts,MA,2009,10.8,8.1,391272.9,8.0,0.09629460969836656,0.21107773658853327,0.0,1
Michigan,MI,2009,14.0,13.7,365552.7,7.4,0.14646858267524884,0.17837284937339867,0.0,1
Minnesota,MN,2009,11.1,7.8,260513.1,6.15,0.06532072332762062,0.1304937530331631,0.0,0
Mississippi,MS,2009,23.1,9.5,93502.9,6.55,0.1709897410211121,0.20952191684799176,0.0,0
Missouri,MO,2009,15.5,9.3,251402.6,7.05,0.17333228430783104,0.149190718204462,0.0,1
Montana,MT,2009,13.5,6.8,36031.8,6.9,0.09395801955726832,0.08748229134272781,0.0,1
Nebraska,NE,2009,9.9,4.6,87107.4,6.55,0.07371559174990884,0.12077346121743295,0.0,0
Nevada,NV,2009,13.0,11.3,120987.7,6.85,0.07451804973804925,0.08093225784222613,0.0,0
New Hampshire,NH,2009,7.8,6.2,61908.9,7.25,0.0599816731529927,0.09743241785211176,0.0,1
New Jersey,NJ,2009,9.3,9.1,486209.5,7.15,0.057089506809468955,0.11467983583538859,0.0,1
New Mexico,NM,2009,19.3,7.5,81990.3,7.5,0.1429068706727507,0.24706918001847994,0.0,1
New York,NY,2009,15.8,8.3,1150993.9,7.15,0.120305280978477,0.2301193252252828,0.0,1
North Carolina,NC,2009,16.9,10.6,406832.9,6.55,0.12035409880199789,0.15871681302612203,0.0,1
North Dakota,ND,2009,10.9,4.1,32239.7,6.55,0.07980835168008085,0.09091565308405818,0.0,0
Ohio,OH,2009,13.3,10.3,478023.5,7.3,0.11773998134773703,0.16538001557130882,0.0,1
Oklahoma,OK,2009,12.9,6.4,145858.2,6.55,0.127208834153044,0.18086482252394842,0.0,1
Oregon,OR,2009,13.4,11.3,160574.9,8.4,0.1525560573439059,0.11538649372472824,0.0,1
Pennsylvania,PA,2009,11.1,8.0,576963.5,7.15,0.10561443098201621,0.1527017197161285,0.0,1
Rhode Island,RI,2009,13.0,11.0,47906.6,7.4,0.09709428024213065,0.17268513333700314,0.0,0
South Carolina,SC,2009,13.7,11.2,159911.4,6.55,0.1497880550917324,0.16708287289928783,0.0,0
South Dakota,SD,2009,14.1,4.9,36341.5,6.55,0.09166649113394551,0.1358499356311186,0.0,0
Tennessee,TN,2009,16.5,10.5,250379.4,6.55,0.17000503804381178,0.20705281731628147,0.0,1
Texas,TX,2009,17.3,7.6,1162971.8,6.55,0.12108640188896264,0.13974334322470086,0.0,0
Utah,UT,2009,9.7,7.3,113517.8,6.55,0.06803281607948239,0.08668362328115999,0.0,0
Vermont,VT,2009,9.4,6.6,25870.7,8.06,0.11543379901635199,0.24185801602709273,0.0,0
Virginia,VA,2009,10.7,6.7,409441.9,6.55,0.0822268710942315,0.10261222111656956,0.0,1
Washington,WA,2009,11.7,9.2,353705.5,8.55,0.11416999603745133,0.1483972975478093,0.0,1
West Virginia,WV,2009,15.8,7.7,63032.5,7.25,0.16558293082220507,0.18301849521722072,0.0,1
Wisconsin,WI,2009,10.8,8.6,245518.6,6.5,0.0966400576865004,0.17223223331988066,0.0,1
Wyoming,WY,2009,9.2,6.3,36085.6,5.15,0.04780200446190147,0.11203159412057852,0.0,1
Alabama,AL,2010,17.3,10.5,175470.1,7.25,0.1682385537621747,0.17910527293536618,0.0,0
Alaska,AK,2010,12.4,7.9,52947.7,7.75,0.10707932372427897,0.15858861761286436,0.0,0
Arizona,AZ,2010,18.6,10.4,248125.3,7.25,0.15891113895490866,0.19008448657223498,0.0,0
Arkansas,AR,2010,15.5,8.2,100970.8,6.25,0.1596864300860654,0.22148664391484632,0.0,1
California,CA,2010,16.3,12.2,1973511.9,8.0,0.0867789714878832,0.24281350270965565,0.0,0
Colorado,CO,2010,12.2,8.7,255660.7,7.24,0.0801765441620938,0.10811774656359209,0.0,1
Connecticut,CT,2010,8.3,9.1,238051.6,8.25,0.09389586361317354,0.17198921297281952,0.0,0
Delaware,DE,2010,12.1,8.4,57986.7,7.25,0.125071004331959,0.20367210505195127,0.0,1
District of Columbia,DC,2010,19.9,9.4,106097.8,8.25,0.1957830628558588,0.2703205083720792,0.0,.
Florida,FL,2010,16.0,11.1,738242.3,7.25,0.1381327048414699,0.14936077438387668,0.0,0
Georgia,GA,2010,18.7,10.5,414664.0,5.15,0.163827995833145,0.15020468228554282,0.0,0
Hawaii,HI,2010,12.1,6.9,68260.2,7.25,0.10129746921287454,0.1812827767322134,0.0,0
Idaho,ID,2010,14.0,9.0,55215.3,7.25,0.1235292020479441,0.1261203275386345,0.0,0
Illinois,IL,2010,14.1,10.4,661714.8,8.0,0.1281664744753379,0.20199154192012572,0.0,1
Indiana,IN,2010,16.3,10.4,280497.0,7.25,0.12532339912042834,0.16086648777770107,0.0,0
Iowa,IA,2010,10.3,6.0,142016.7,7.25,0.11154783503701556,0.15115881530576958,0.0,1
Kansas,KS,2010,14.3,7.1,127970.4,7.25,0.09436391562492347,0.11056402828363404,0.0,1
Kentucky,KY,2010,17.7,10.2,164820.3,7.25,0.17895161217989775,0.1825641572878406,0.0,1
Louisiana,LA,2010,21.6,8.0,226161.8,7.25,0.18173884571612656,0.25838964276189497,0.0,0
Maine,ME,2010,12.5,8.1,51724.3,7.5,0.1730385521858893,0.2519589433493845,0.0,1
Maryland,MD,2010,10.8,7.7,316316.9,7.25,0.09688761359523688,0.15672717881300374,0.0,1
Massachusetts,MA,2010,10.6,8.3,410187.5,8.0,0.11408558874874415,0.1320070779511223,0.0,1
Michigan,MI,2010,15.5,12.6,386629.8,7.4,0.1798396559456786,0.19031365192239744,0.0,1
Minnesota,MN,2010,10.5,7.4,272636.0,6.15,0.08103180897592617,0.13953210309202257,0.0,0
Mississippi,MS,2010,22.7,10.4,95265.4,7.25,0.19379387237641002,0.21189962256122438,0.0,0
Missouri,MO,2010,14.8,9.6,257897.4,7.25,0.15032570187929434,0.15585207674349488,0.0,1
Montana,MT,2010,14.0,7.3,38103.2,7.25,0.11463646301543257,0.10863159977268529,0.0,1
Nebraska,NE,2010,10.2,4.6,91785.5,7.25,0.08899331089420194,0.12383427109079759,0.0,0
Nevada,NV,2010,16.4,13.5,123652.3,7.55,0.1029101855569391,0.09805969127499393,0.0,0
New Hampshire,NH,2010,6.6,5.8,64170.7,7.25,0.07926641260911235,0.10289482837445188,0.0,1
New Jersey,NJ,2010,10.7,9.5,494977.8,7.25,0.0706887683610991,0.12304240516959818,0.0,0
New Mexico,NM,2010,18.6,8.1,84037.9,7.5,0.1728326532826492,0.26753407034552773,0.0,1
New York,NY,2010,16.0,8.6,1212485.1,7.25,0.14215738882481632,0.24402772017432275,0.0,1
North Carolina,NC,2010,17.4,10.9,415710.0,7.25,0.140636053327217,0.16449653933755942,0.0,1
North Dakota,ND,2010,12.2,3.8,35689.4,7.25,0.08876043959301334,0.09749746189131707,0.0,0
Ohio,OH,2010,15.3,10.3,496457.7,7.3,0.13929934963328913,0.17918032718693694,0.0,1
Oklahoma,OK,2010,16.3,6.8,153215.1,7.25,0.15492039243137665,0.19531886645120247,0.0,1
Oregon,OR,2010,14.2,10.6,163827.0,8.4,0.1837229064511161,0.13207353450470632,0.0,1
Pennsylvania,PA,2010,12.2,8.5,599025.1,7.25,0.12388979447981144,0.1607514184386004,0.0,1
Rhode Island,RI,2010,13.6,11.2,49472.4,7.4,0.13185142875576755,0.18873125045661168,0.0,0
South Carolina,SC,2010,17.0,11.2,163844.0,7.25,0.17195219051312988,0.17484930373287538,0.0,0
South Dakota,SD,2010,13.2,5.0,37709.2,7.25,0.11680957060205889,0.14200420012595477,0.0,0
Tennessee,TN,2010,16.7,9.7,255696.1,7.25,0.19259844246803973,0.20898694021425546,0.0,1
Texas,TX,2010,18.4,8.1,1237304.0,7.25,0.14070141353066287,0.14891079622902664,0.0,0
Utah,UT,2010,10.0,7.8,118098.3,7.25,0.08914428976425162,0.09005805431566385,0.0,0
Vermont,VT,2010,10.8,6.1,27113.3,8.06,0.13666858929601408,0.2598489484389155,0.0,0
Virginia,VA,2010,10.7,7.1,423563.9,7.25,0.09797937335386085,0.10992236872295434,0.0,0
Washington,WA,2010,11.5,10.0,365799.7,8.55,0.14178082496518524,0.16503945672662665,0.0,1
West Virginia,WV,2010,16.9,8.7,65304.7,7.25,0.1839870696280253,0.18871299762328372,0.0,1
Wisconsin,WI,2010,9.9,8.7,254615.2,7.25,0.1256859928213374,0.19238710300985418,0.0,1
Wyoming,WY,2010,9.6,6.4,37442.6,5.15,0.06164712384873345,0.11887253382274525,0.0,1
Alabama,AL,2011,15.4,9.6,181929.9,7.25,0.19177990564419892,0.1911116510306478,0.0,0
Alaska,AK,2011,11.7,7.6,56333.9,7.75,0.11915339108856048,0.16637493629938183,0.0,0
Arizona,AZ,2011,17.2,9.5,257881.1,7.35,0.16494297615363615,0.1620761410756008,0.0,0
Arkansas,AR,2011,18.7,8.3,105107.8,6.25,0.1654219943978696,0.22544001071865669,0.0,1
California,CA,2011,16.9,11.7,2049336.8,8.0,0.09758605639899008,0.24305261474002765,0.0,1
Colorado,CO,2011,13.2,8.4,264310.2,7.36,0.08847753259646154,0.11880866406254272,0.0,1
Connecticut,CT,2011,10.1,8.8,236816.3,8.25,0.10553153137586974,0.18082994011341916,0.0,1
Delaware,DE,2011,13.7,7.5,60821.8,7.25,0.14869938868016852,0.22065372759623575,0.0,1
District of Columbia,DC,2011,19.9,10.2,109998.8,8.25,0.2175621168118748,0.33513714101323006,0.0,.
Florida,FL,2011,14.9,10.0,746535.3,7.25,0.16137263185252984,0.1606592097710221,0.0,0
Georgia,GA,2011,18.4,10.2,427826.9,5.15,0.1815915868216772,0.15417359224461769,0.0,0
Hawaii,HI,2011,12.1,6.8,70630.1,7.25,0.11574033461197437,0.18924491546251837,0.0,1
Idaho,ID,2011,15.7,8.3,56516.4,7.25,0.14434469130190478,0.14202953450637978,0.0,0
Illinois,IL,2011,14.2,9.7,687951.0,8.25,0.13941266081075557,0.20900265118491973,0.0,1
Indiana,IN,2011,15.6,9.1,288942.9,7.25,0.13466680416319857,0.1542482438500993,0.0,0
Iowa,IA,2011,10.4,5.5,148102.2,7.25,0.1219227116663014,0.16183092785656888,0.0,0
Kansas,KS,2011,14.3,6.5,135528.5,7.25,0.104084552448832,0.1178224084900975,0.0,0
Kentucky,KY,2011,16.0,9.4,170004.7,7.25,0.1884452475284457,0.18556229191081283,0.0,1
Louisiana,LA,2011,21.1,7.8,229215.1,7.25,0.19331107772162273,0.26245441879524656,0.0,0
Maine,ME,2011,13.4,7.9,51867.1,7.5,0.186664147125163,0.2622684606605214,0.0,0
Maryland,MD,2011,9.3,7.2,327726.7,7.25,0.11435007489614978,0.16843456515108782,0.0,1
Massachusetts,MA,2011,10.6,7.3,426013.2,8.0,0.12302423663542138,0.18872523411288555,0.0,1
Michigan,MI,2011,15.0,10.4,401069.1,7.4,0.19514244093446012,0.1962277023058743,0.0,0
Minnesota,MN,2011,10.0,6.5,285408.1,6.15,0.09463252292353572,0.16035354834317003,0.0,1
Mississippi,MS,2011,17.4,10.0,96408.1,7.25,0.2090138384432834,0.21782161598345068,0.0,0
Missouri,MO,2011,15.4,8.5,259645.0,7.25,0.15691262047077711,0.16413458618782004,0.0,1
Montana,MT,2011,16.5,6.9,40616.4,7.35,0.124577365649403,0.11388366375351443,0.0,1
Nebraska,NE,2011,10.2,4.4,99954.2,7.25,0.09464152222666504,0.12691506145581613,0.0,0
Nevada,NV,2011,15.5,13.0,126675.6,8.25,0.12273945435041453,0.10845237085887648,0.0,0
New Hampshire,NH,2011,7.6,5.4,65449.6,7.25,0.08590124844531367,0.10529525027230681,0.0,1
New Jersey,NJ,2011,11.4,9.3,498959.3,7.25,0.08599070447299237,0.1336786768911196,0.0,0
New Mexico,NM,2011,22.2,7.5,86683.3,7.5,0.199127592588142,0.2679175178446971,0.0,0
New York,NY,2011,16.0,8.3,1237277.6,7.25,0.1538516806884945,0.25236361764029686,0.0,1
North Carolina,NC,2011,15.4,10.3,426569.3,7.25,0.1646444579559791,0.16732711425373945,0.0,1
North Dakota,ND,2011,9.9,3.5,41437.5,7.25,0.08887883541902294,0.09798095516071363,0.0,0
Ohio,OH,2011,15.1,8.8,523355.0,7.4,0.15411770789671383,0.18591733686812686,0.0,0
Oklahoma,OK,2011,13.9,5.9,165091.4,7.25,0.16226042853684913,0.19865910987258667,0.0,0
Oregon,OR,2011,14.4,9.5,170620.6,8.5,0.1995735576838645,0.15377827065657448,0.0,1
Pennsylvania,PA,2011,12.6,7.9,618555.4,7.25,0.13480589511145424,0.16839166424430294,0.0,0
Rhode Island,RI,2011,13.4,11.0,50169.8,7.4,0.15204399187964873,0.19303771939232134,0.0,0
South Carolina,SC,2011,19.0,10.6,170077.9,7.25,0.18073760368699104,0.1865937755913214,0.0,0
South Dakota,SD,2011,14.5,4.7,41690.2,7.25,0.12362748443075892,0.1427003359726268,0.0,0
Tennessee,TN,2011,16.3,9.0,267487.6,7.25,0.19936427332340412,0.20938616481107047,0.0,0
Texas,TX,2011,17.4,7.8,1331138.4,7.25,0.15508580429046992,0.15692100981418705,0.0,0
Utah,UT,2011,11.0,6.7,124689.9,7.25,0.10089987720225811,0.09719391525818794,0.0,0
Vermont,VT,2011,11.6,5.5,28134.6,8.15,0.1467795977666817,0.26347701694763886,0.0,1
Virginia,VA,2011,11.4,6.6,433009.6,7.25,0.10600735327246547,0.1124031079518908,0.0,0
Washington,WA,2011,12.5,9.3,379796.4,8.67,0.15449694263360222,0.1678884755238568,0.0,1
West Virginia,WV,2011,17.5,8.1,68446.8,7.25,0.18636794356087724,0.1910272094881164,0.0,1
Wisconsin,WI,2011,13.1,7.8,264166.4,7.25,0.14040886279535758,0.19603725526213575,0.0,0
Wyoming,WY,2011,10.7,5.8,39415.2,5.15,0.06351324433852343,0.11955071311601113,0.0,0
Alabama,AL,2012,16.2,8.0,186553.9,7.25,0.18902028855043249,0.1947531640995866,0.0,0
Alaska,AK,2012,10.0,7.1,57717.5,7.75,0.12498944708895834,0.16702877568817828,0.0,0
Arizona,AZ,2012,19.0,8.3,268068.2,7.65,0.17146881855286167,0.2069579791114478,0.0,0
Arkansas,AR,2012,20.1,7.6,107718.8,6.25,0.17008701074872534,0.2226353278476399,0.0,1
California,CA,2012,15.9,10.4,2144089.6,8.0,0.10446234356027068,0.25118109136520783,0.0,1
Colorado,CO,2012,11.9,7.9,273593.9,7.64,0.09467804507026956,0.12515639903887169,0.0,1
Connecticut,CT,2012,10.3,8.3,244114.4,8.25,0.11224402315507351,0.19547692657795265,0.0,1
Delaware,DE,2012,13.5,7.2,61866.7,7.25,0.16199790784097975,0.22987852649590954,0.0,1
District of Columbia,DC,2012,18.4,9.0,112610.0,8.25,0.22230587172637986,0.3413463658642609,0.0,.
Florida,FL,2012,15.3,8.5,768722.9,7.67,0.17375349836370135,0.16995560431638349,0.0,0
Georgia,GA,2012,18.1,9.2,443566.1,5.15,0.19318813040136626,0.15918801627643683,0.0,0
Hawaii,HI,2012,13.8,6.0,73676.7,7.25,0.12677235174261042,0.19764425682748257,0.0,1
Idaho,ID,2012,14.4,7.2,57780.1,7.25,0.14607304428442122,0.14724219030115512,0.0,0
Illinois,IL,2012,12.6,9.0,720881.5,8.25,0.14513575640927118,0.21711359044161424,0.0,1
Indiana,IN,2012,15.2,8.3,297816.1,7.25,0.13899446028673984,0.16328380166550852,0.0,0
Iowa,IA,2012,10.3,5.0,157838.6,7.25,0.13264769081233604,0.16953081571684453,0.0,0
Kansas,KS,2012,14.0,5.7,140764.1,7.25,0.10561257340333981,0.12194962181878426,0.0,0
Kentucky,KY,2012,17.9,8.2,176323.1,7.25,0.1936116454789476,0.1847467117277114,0.0,1
Louisiana,LA,2012,21.1,7.1,233481.2,7.25,0.2062082207846516,0.2704954518306132,0.0,0
Maine,ME,2012,12.8,7.5,52866.6,7.5,0.19044549000586716,0.25214934674169204,0.0,0
Maryland,MD,2012,9.9,7.0,334555.5,7.25,0.12168848992830293,0.17609162709920448,0.0,1
Massachusetts,MA,2012,11.3,6.7,444478.2,8.0,0.1293062589627353,0.2004199306469078,0.0,1
Michigan,MI,2012,13.7,9.1,418742.3,7.4,0.18473855339090212,0.183971438227893,0.0,0
Minnesota,MN,2012,10.0,5.6,296272.5,6.15,0.10022403073813903,0.1658635323193301,0.0,1
Mississippi,MS,2012,22.0,9.0,99616.3,7.25,0.22115044962558014,0.21906779774624172,0.0,0
Missouri,MO,2012,15.2,6.9,268861.9,7.25,0.15734243669085898,0.16285296031931654,0.0,1
Montana,MT,2012,13.4,6.0,42041.6,7.65,0.12539928121914795,0.1154940858731419,0.0,1
Nebraska,NE,2012,12.2,4.0,102605.3,7.25,0.09500506215119708,0.1311231892464427,0.0,0
Nevada,NV,2012,15.8,11.2,127789.1,8.25,0.12933683212366198,0.11131758209560072,0.0,0
New Hampshire,NH,2012,8.1,5.5,67635.7,7.25,0.08827349233366963,0.10554646013689443,0.0,1
New Jersey,NJ,2012,9.3,9.3,519569.0,7.25,0.09340180899999119,0.13719841238077085,0.0,0
New Mexico,NM,2012,20.4,7.1,87644.8,7.5,0.20996016881065524,0.27194392397100764,0.0,0
New York,NY,2012,17.2,8.5,1323400.8,7.25,0.15720237605178417,0.2598825766114142,0.0,1
North Carolina,NC,2012,17.2,9.3,439539.7,7.25,0.1711464458910407,0.17165281498205648,0.0,1
North Dakota,ND,2012,11.4,3.1,51624.6,7.25,0.08385388732643445,0.0955280842470364,0.0,0
Ohio,OH,2012,15.4,7.4,540882.4,7.7,0.15654383241623482,0.20155385917803764,0.0,0
Oklahoma,OK,2012,18.0,5.2,173238.8,7.25,0.16103090731834546,0.20818217383721752,0.0,0
Oregon,OR,2012,13.5,8.8,174427.6,8.8,0.2090846689446861,0.1597781072638863,0.0,1
Pennsylvania,PA,2012,13.9,7.8,640663.1,7.25,0.1409251876578567,0.16762114989459642,0.0,0
Rhode Island,RI,2012,13.6,10.4,51607.4,7.4,0.16389371157979976,0.17896097270962744,0.0,0
South Carolina,SC,2012,16.7,9.2,175328.5,7.25,0.1843831485404742,0.1960285363362597,0.0,0
South Dakota,SD,2012,12.8,4.3,43550.7,7.25,0.12458021716336798,0.14213991453586158,0.0,0
Tennessee,TN,2012,18.6,7.8,283482.0,7.25,0.20403332218761436,0.20705703746789925,0.0,0
Texas,TX,2012,17.0,6.7,1410447.8,7.25,0.1548215648492297,0.15652540681181273,0.0,0
Utah,UT,2012,11.0,5.4,128764.2,7.25,0.09703947080212029,0.09894318132036624,0.0,0
Vermont,VT,2012,11.2,5.0,28893.6,8.46,0.1542580406970244,0.2694916066380233,0.0,1
Virginia,VA,2012,10.6,6.1,445120.7,7.25,0.11165164747320734,0.11685615778953902,0.0,0
Washington,WA,2012,11.6,8.1,400623.3,9.04,0.16066120753225505,0.16727799012274508,0.0,1
West Virginia,WV,2012,16.7,7.5,69335.6,7.25,0.18678320315024408,0.19068734947804694,0.0,1
Wisconsin,WI,2012,11.4,7.0,274540.5,7.25,0.14603464592409737,0.1949183211071406,0.0,0
Wyoming,WY,2012,9.6,5.3,38437.7,5.15,0.0595985054788697,0.11677497158622605,0.0,0
Alabama,AL,2013,16.7,7.2,192166.5,7.25,0.18950456870184992,0.19779274923132759,0.0,0
Alaska,AK,2013,10.9,7.0,56625.3,7.75,0.12395577246604113,0.1486972708081208,0.0,0
Arizona,AZ,2013,20.2,7.7,275007.5,7.8,0.16751768191963412,0.2004066479675743,0.0,0
Arkansas,AR,2013,17.1,7.2,112764.6,6.25,0.1705146031965939,0.22467054132594444,0.0,1
California,CA,2013,14.9,8.9,2261510.6,8.0,0.10870217463117003,0.2719986653698472,0.0,1
Colorado,CO,2013,10.6,6.9,288383.5,7.78,0.09639979933707025,0.13837448413229367,0.0,1
Connecticut,CT,2013,11.3,7.8,244127.5,8.25,0.11831385588402936,0.20499098569310853,0.0,1
Delaware,DE,2013,14.0,6.7,61007.5,7.25,0.1658090400789973,0.22845981272791843,0.0,1
District of Columbia,DC,2013,21.3,8.5,115021.1,8.25,0.22270695993273704,0.31310474790994514,0.0,.
Florida,FL,2013,14.9,7.2,800886.0,7.79,0.18195752985796665,0.16832414789993114,0.0,0
Georgia,GA,2013,16.3,8.2,459578.7,5.15,0.1953564989507624,0.1595190122736784,0.0,0
Hawaii,HI,2013,11.1,4.9,75807.8,7.25,0.1344581510435344,0.19888968026114812,0.0,1
Idaho,ID,2013,12.9,6.1,61155.2,7.25,0.14089213297368555,0.14998454573778897,0.0,0
Illinois,IL,2013,13.3,9.0,734808.5,8.25,0.15820339990394822,0.20245629182926358,0.0,1
Indiana,IN,2013,11.6,7.7,308725.4,7.25,0.14097296025872952,0.16607682509496152,0.0,0
Iowa,IA,2013,10.8,4.7,161583.0,7.25,0.13590198008598134,0.17327595209436025,0.0,0
Kansas,KS,2013,13.2,5.3,143065.8,7.25,0.10956078686940328,0.12411810817873008,0.0,0
Kentucky,KY,2013,20.0,8.0,182470.7,7.25,0.19807176521496897,0.18210263268961344,0.0,1
Louisiana,LA,2013,19.2,6.7,228688.3,7.25,0.2032855828715023,0.2695873545553956,0.0,0
Maine,ME,2013,12.3,6.6,53670.7,7.5,0.18758796062376085,0.20760401473182788,0.0,0
Maryland,MD,2013,10.3,6.6,340706.2,7.25,0.13016989330745538,0.1580230105814639,0.0,1
Massachusetts,MA,2013,11.9,6.7,455653.3,8.0,0.13221764012265178,0.20344851984451795,0.0,1
Michigan,MI,2013,14.5,8.8,433755.8,7.4,0.17912176170538577,0.19149344829273288,0.0,0
Minnesota,MN,2013,12.0,5.0,308784.5,6.15,0.10213918504163405,0.16739087747454087,0.0,1
Mississippi,MS,2013,22.5,8.5,101474.2,7.25,0.2237166234205984,0.21685368709119082,0.0,0
Missouri,MO,2013,13.7,6.7,277394.2,7.35,0.15394582152940506,0.15915334525797029,0.0,1
Montana,MT,2013,14.5,5.4,43136.8,7.8,0.12681022870667907,0.11918280847184552,0.0,1
Nebraska,NE,2013,11.0,3.8,106516.8,7.25,0.09634519377530118,0.11381675341865748,0.0,0
Nevada,NV,2013,17.4,9.6,130686.6,8.25,0.13002776207956138,0.11293349711992565,0.0,0
New Hampshire,NH,2013,9.0,5.1,69495.5,7.25,0.08843124363986124,0.10462663818329562,0.0,1
New Jersey,NJ,2013,11.1,8.2,537346.4,7.25,0.09893516655579356,0.13944788354304383,0.0,0
New Mexico,NM,2013,21.7,6.9,88533.0,7.5,0.2104704628411302,0.2426069638139956,0.0,0
New York,NY,2013,14.5,7.7,1361962.9,7.25,0.16155690909404988,0.2696460185604211,0.0,1
North Carolina,NC,2013,18.6,8.0,455266.8,7.25,0.17308160736360112,0.1525194304044889,0.0,0
North Dakota,ND,2013,9.9,2.9,53733.4,7.25,0.07828256942867115,0.09030020663789617,0.0,0
Ohio,OH,2013,13.7,7.5,560936.8,7.85,0.15761636348543331,0.20546462182089448,0.0,0
Oklahoma,OK,2013,14.0,5.3,181858.2,7.25,0.16137980312020042,0.2112971145646206,0.0,0
Oregon,OR,2013,15.1,7.9,179389.5,8.95,0.20843378028832868,0.15960742063415176,0.0,1
Pennsylvania,PA,2013,12.4,7.4,663334.5,7.25,0.13969529462695368,0.1689049630844088,0.0,0
Rhode Island,RI,2013,13.5,9.3,52797.5,7.75,0.17053193072380224,0.16927610297218887,0.0,0
South Carolina,SC,2013,15.9,7.6,182837.0,7.25,0.18384782581316855,0.16395610485130394,0.0,0
South Dakota,SD,2013,10.3,3.8,44956.5,7.25,0.12353034170073939,0.14027633334757977,0.0,0
Tennessee,TN,2013,18.1,7.8,293265.3,7.25,0.2066552439046924,0.20467884342365814,0.0,0
Texas,TX,2013,16.8,6.3,1500554.3,7.25,0.1526378580675889,0.13761946349028367,0.0,0
Utah,UT,2013,8.3,4.6,134529.5,7.25,0.08683825457958891,0.09955273947074171,0.0,0
Vermont,VT,2013,8.7,4.4,28966.0,8.6,0.16055516520017246,0.27168681432746206,0.0,1
Virginia,VA,2013,10.4,5.7,455166.9,7.25,0.1140188415723035,0.10316964936496863,0.0,0
Washington,WA,2013,12.0,7.0,419671.3,9.19,0.15988559950947626,0.16791836857776116,0.0,1
West Virginia,WV,2013,17.3,6.8,70998.6,7.25,0.18916487857581313,0.1905390433428951,0.0,1
Wisconsin,WI,2013,11.0,6.7,281832.6,7.25,0.14934046326546335,0.1667319184333161,0.0,0
Wyoming,WY,2013,11.8,4.7,38943.0,5.15,0.0653577200311962,0.11402764368981072,0.0,0
Alabama,AL,2014,17.8,6.8,195037.7,7.25,0.18630946885651387,0.21375422647656378,0.0,0
Alaska,AK,2014,11.9,6.9,55750.6,7.75,0.11882115979861005,0.15967773261096616,0.0,0
Arizona,AZ,2014,21.2,6.8,284851.4,7.9,0.15516284067560193,0.23773429654316905,1.0,0
Arkansas,AR,2014,18.4,6.0,116151.8,6.25,0.16579036406379744,0.29324672978831245,1.0,1
California,CA,2014,15.8,7.5,2399077.7,9.0,0.11269365897407703,0.20017878604570327,1.0,1
Colorado,CO,2014,12.3,5.0,305690.9,8.0,0.09442232959714218,0.19578434126757607,1.0,1
Connecticut,CT,2014,8.6,6.6,248778.9,8.7,0.12200753145618168,0.1810083894279187,1.0,1
Delaware,DE,2014,11.0,5.7,67549.8,7.75,0.16110894843574228,0.2053122456398856,1.0,1
District of Columbia,DC,2014,19.0,7.8,119722.8,9.5,0.21546273145631772,0.35654237779468784,1.0,.
Florida,FL,2014,16.7,6.3,840386.4,7.93,0.1776845114341186,0.1954124454150782,0.0,0
Georgia,GA,2014,16.8,7.1,485282.5,5.15,0.18036980800569927,0.1728324180577908,0.0,0
Hawaii,HI,2014,10.8,4.4,77819.3,7.25,0.1373338856927138,0.20300762510445106,1.0,1
Idaho,ID,2014,12.4,4.8,63799.4,7.25,0.1298384169817891,0.16973451240626028,0.0,0
Illinois,IL,2014,13.7,7.1,766120.8,8.25,0.15641306181003786,0.22777605606988183,1.0,1
Indiana,IN,2014,14.6,6.0,325008.3,7.25,0.1353878068030364,0.16634261722349583,0.0,0
Iowa,IA,2014,10.3,4.2,172121.9,7.25,0.13123964815797515,0.17686493961760497,1.0,0
Kansas,KS,2014,12.1,4.5,148942.7,7.25,0.10117515234573647,0.12746429464139494,0.0,0
Kentucky,KY,2014,20.0,6.5,186419.0,7.25,0.18758734300346439,0.2511736158604587,0.0,1
Louisiana,LA,2014,23.1,6.4,237717.1,7.25,0.18891850647274244,0.2723683159371001,0.0,0
Maine,ME,2014,14.6,5.6,55826.7,7.5,0.17326850620775597,0.22129434285873192,0.0,0
Maryland,MD,2014,9.8,5.8,353248.7,7.25,0.1322074173746656,0.19475606581053811,1.0,1
Massachusetts,MA,2014,13.6,5.7,473052.0,8.0,0.12767463855596284,0.2659253931478385,1.0,1
Michigan,MI,2014,14.8,7.2,448572.1,8.15,0.16912857074952203,0.21441063347596057,1.0,0
Minnesota,MN,2014,8.3,4.2,322690.2,8.0,0.09791511001766806,0.1889110394474195,1.0,1
Mississippi,MS,2014,22.1,7.5,103519.8,7.25,0.2196549168892628,0.2304498827608254,0.0,0
Missouri,MO,2014,10.4,6.1,284237.2,7.5,0.1417416393971007,0.12918508992929892,0.0,1
Montana,MT,2014,12.0,4.7,44608.4,7.9,0.12223288895151922,0.14562727707759018,0.0,1
Nebraska,NE,2014,11.8,3.3,111386.8,7.25,0.09233654069741146,0.12333975941310718,0.0,0
Nevada,NV,2014,17.0,7.9,134518.4,8.25,0.1361506912906885,0.1826738661029774,1.0,0
New Hampshire,NH,2014,7.2,4.3,72304.4,7.25,0.08377526829220731,0.10432815011313686,0.3780821917808219,1
New Jersey,NJ,2014,11.3,6.8,545465.3,8.25,0.09965948542082063,0.1730573268167217,1.0,0
New Mexico,NM,2014,20.0,6.7,92586.3,7.5,0.2060818312684727,0.32500354140185916,1.0,0
New York,NY,2014,14.0,6.3,1425724.1,8.0,0.15891665630674476,0.2940629785208922,1.0,1
North Carolina,NC,2014,17.1,6.3,476260.2,7.25,0.15863222847496403,0.18717760506084485,0.0,0
North Dakota,ND,2014,9.7,2.7,58679.9,7.25,0.07289520898398565,0.10723608999716572,1.0,0
Ohio,OH,2014,15.6,5.8,592876.2,7.95,0.15101097158420024,0.23710282951382006,1.0,0
Oklahoma,OK,2014,17.3,4.5,193546.4,7.25,0.15690114994454885,0.1889792833610138,0.0,0
Oregon,OR,2014,14.4,6.8,188777.5,9.1,0.2024074217989102,0.24353559861567947,1.0,1
Pennsylvania,PA,2014,12.5,5.9,691173.2,7.25,0.1404527712138419,0.16388776220913578,0.0,0
Rhode Island,RI,2014,11.3,7.7,54297.7,8.0,0.1690613825080308,0.2455101445542154,1.0,1
South Carolina,SC,2014,16.5,6.5,191981.5,7.25,0.17300523652686356,0.2259659089848966,0.0,0
South Dakota,SD,2014,12.8,3.4,46369.9,7.25,0.11887239748024152,0.12375622549695041,0.0,0
Tennessee,TN,2014,17.3,6.6,303788.8,7.25,0.20065131551087617,0.2178219577592753,0.0,0
Texas,TX,2014,16.4,5.1,1568070.8,7.25,0.14288041169050983,0.15168074062874093,0.0,0
Utah,UT,2014,10.2,3.8,141528.0,7.25,0.07828412406503639,0.10620287727209735,0.0,0
Vermont,VT,2014,9.3,3.9,29690.7,8.73,0.14874906831900758,0.29382739350046544,1.0,1
Virginia,VA,2014,10.2,5.2,464514.4,7.25,0.11056464612592021,0.10908130953786148,0.0,1
Washington,WA,2014,12.0,6.1,442930.0,9.32,0.15529476636348624,0.22513857871150325,1.0,1
West Virginia,WV,2014,20.6,6.6,71769.1,7.25,0.19600062503751037,0.26920408826438,1.0,1
Wisconsin,WI,2014,10.9,5.4,293836.7,7.25,0.14631475999843518,0.20866657103985464,0.0,0
Wyoming,WY,2014,9.7,4.1,39431.7,5.15,0.06157783877596214,0.11728131206751229,0.0,0
Alabama,AL,2015,16.3,6.1,200197.5,7.25,0.18328862301067916,0.2164791594665427,0.0,0
Alaska,AK,2015,9.2,6.5,50728.1,8.75,0.10999521354634183,0.17630013911902134,0.3315068493150685,0
Arizona,AZ,2015,17.2,6.1,298615.0,8.05,0.14633212468644194,0.2544587766681758,1.0,0
Arkansas,AR,2015,16.1,5.0,117734.3,7.5,0.15745347287887906,0.30726334834092667,1.0,0
California,CA,2015,13.9,6.2,2559643.2,9.0,0.11351474618008175,0.2473557703116896,1.0,1
Colorado,CO,2015,9.9,3.9,317992.4,8.23,0.09083984528007165,0.22776001935925488,1.0,1
Connecticut,CT,2015,9.1,5.7,262372.7,9.15,0.12326351041308324,0.22745671878458554,1.0,1
Delaware,DE,2015,11.1,4.9,71547.8,8.25,0.15934149409509887,0.22304016352687697,1.0,1
District of Columbia,DC,2015,16.6,6.9,124853.7,10.5,0.21001640997927154,0.3684749777909387,1.0,.
Florida,FL,2015,16.2,5.5,897754.7,8.05,0.18091750300187412,0.2019020001047056,0.0,0
Georgia,GA,2015,18.1,6.0,515753.0,5.15,0.1768964279815968,0.17880743496527515,0.0,0
Hawaii,HI,2015,10.9,3.6,82644.0,7.75,0.13283275386554078,0.21034603516608394,1.0,1
Idaho,ID,2015,12.3,4.1,66082.0,7.25,0.1192395305073895,0.18184813504544659,0.0,0
Illinois,IL,2015,10.9,6.0,795326.1,8.25,0.15882411678187727,0.23384340495965716,1.0,0
Indiana,IN,2015,13.5,4.8,329527.7,7.25,0.12586066941548224,0.17420512794128462,0.9123287671232877,0
Iowa,IA,2015,10.4,3.8,179459.2,7.25,0.12535365720803857,0.182678727058341,1.0,0
Kansas,KS,2015,14.2,4.2,154015.6,7.25,0.09418120684315047,0.12842577769558108,0.0,0
Kentucky,KY,2015,19.5,5.3,192819.3,7.25,0.17372028978467124,0.2900630279061613,0.0,1
Louisiana,LA,2015,18.6,6.3,231751.8,7.25,0.18430999927539776,0.3032760597415271,0.0,0
Maine,ME,2015,12.3,4.4,57559.8,7.5,0.15251421278332136,0.20955805405861194,0.0,0
Maryland,MD,2015,9.6,5.1,370768.3,8.25,0.13048642438253918,0.1880012269524566,1.0,0
Massachusetts,MA,2015,11.5,4.8,503178.5,9.0,0.1156537701266428,0.2761071603720099,1.0,0
Michigan,MI,2015,12.8,5.4,473149.5,8.15,0.15821480311305752,0.22715009441974524,1.0,0
Minnesota,MN,2015,7.8,3.7,333065.8,9.0,0.09048162555417408,0.21420761498655974,1.0,1
Mississippi,MS,2015,19.1,6.4,105427.9,7.25,0.21292569009369675,0.24955068996821453,0.0,0
Missouri,MO,2015,9.8,5.0,293938.3,7.65,0.13910315595286485,0.14904791581710128,0.0,1
Montana,MT,2015,11.9,4.2,46269.3,8.05,0.11555981464858439,0.1270753778597249,0.0,1
Nebraska,NE,2015,10.3,3.0,115663.9,8.0,0.09205019502695798,0.12469511340750192,0.0,0
Nevada,NV,2015,13.0,6.7,143554.0,8.25,0.14664182485222044,0.18383195456896712,1.0,0
New Hampshire,NH,2015,7.3,3.4,75832.0,7.25,0.07954228555393422,0.13584165824821343,1.0,1
New Jersey,NJ,2015,11.2,5.8,569116.5,8.38,0.10213496567244579,0.19871607290479457,1.0,0
New Mexico,NM,2015,19.7,6.5,91322.0,7.5,0.21689004389527355,0.38106611285838116,1.0,0
New York,NY,2015,14.2,5.3,1485620.8,8.75,0.15462527659844233,0.3384317494889,1.0,1
North Carolina,NC,2015,15.3,5.7,502808.4,7.25,0.16410091125623852,0.1967628243660113,0.0,0
North Dakota,ND,2015,10.7,2.8,55069.1,7.25,0.07048134155365711,0.11778809812403689,1.0,0
Ohio,OH,2015,13.6,4.9,609321.7,8.1,0.14428742020569438,0.26495854066015945,1.0,0
Oklahoma,OK,2015,14.2,4.4,184140.4,7.25,0.15302651661337766,0.1934549175086328,0.0,0
Oregon,OR,2015,11.9,5.6,202718.6,9.25,0.19417064347456242,0.27735027112958044,1.0,1
Pennsylvania,PA,2015,12.3,5.3,711787.2,7.25,0.14287772342775726,0.1941390520293354,1.0,1
Rhode Island,RI,2015,11.8,6.0,56560.7,9.0,0.16573285422772271,0.26236453248616326,1.0,1
South Carolina,SC,2015,14.3,6.0,204000.4,7.25,0.16446891804434152,0.24637025244391894,0.0,0
South Dakota,SD,2015,13.9,3.1,47630.5,8.5,0.11540306573394474,0.12860602256706183,0.0,0
Tennessee,TN,2015,14.7,5.6,323658.5,7.25,0.18652085543234356,0.23788098319418252,0.0,0
Texas,TX,2015,14.7,4.4,1564374.3,7.25,0.13559084723744283,0.1564292406247734,0.0,0
Utah,UT,2015,9.3,3.6,148917.8,7.25,0.07565903210606892,0.10989072165294189,0.0,0
Vermont,VT,2015,10.7,3.6,30663.7,9.15,0.13594288485899272,0.32060439911966426,1.0,1
Virginia,VA,2015,10.9,4.5,484530.8,7.25,0.10289338741095228,0.11544321515155574,0.0,1
Washington,WA,2015,11.4,5.6,471702.8,9.47,0.1494952461710548,0.24403932237403325,1.0,1
West Virginia,WV,2015,14.5,6.7,70815.9,8.0,0.19972761325696914,0.2926587226188214,1.0,1
Wisconsin,WI,2015,11.4,4.5,306498.9,7.25,0.13982794764396086,0.20932226338062884,0.0,0
Wyoming,WY,2015,9.8,4.3,37860.7,5.15,0.05567755497231106,0.12403925459305036,0.0,0
Alabama,AL,2016,16.2,5.8,204454.7,7.25,0.17487398543237673,0.21362920926694115,0.0,0
Alaska,AK,2016,12.6,6.9,49755.6,9.75,0.11103288664465592,0.20812967998101034,1.0,0
Arizona,AZ,2016,16.1,5.4,313056.5,8.05,0.13832229373214974,0.27267618027878116,1.0,0
Arkansas,AR,2016,16.0,4.0,119191.8,8.0,0.1425019013899378,0.2943799796516159,1.0,0
California,CA,2016,13.9,5.5,2671100.5,10.0,0.1108083089189332,0.32314813980309043,1.0,1
Colorado,CO,2016,8.5,3.3,327757.3,8.31,0.08587678940066418,0.24028260322085349,1.0,1
Connecticut,CT,2016,9.8,5.1,266747.3,9.6,0.12062045626485932,0.24113583003017489,1.0,1
Delaware,DE,2016,11.6,4.5,69284.2,8.25,0.15550188055696945,0.21327697458481792,1.0,1
District of Columbia,DC,2016,16.3,6.1,129477.1,11.5,0.19629929354126113,0.3600985688560326,1.0,.
Florida,FL,2016,13.0,4.8,941561.2,8.05,0.1675859924068123,0.19346381981069957,0.0,0
Georgia,GA,2016,15.4,5.4,541292.2,5.15,0.16826747325005412,0.18030953543476003,0.0,0
Hawaii,HI,2016,9.3,3.0,85899.9,8.5,0.12379803566787782,0.22937545838735912,1.0,1
Idaho,ID,2016,11.1,3.8,69075.5,7.25,0.11014336832344655,0.18249919756535385,0.0,0
Illinois,IL,2016,12.1,5.8,803943.7,8.25,0.14932248884932733,0.22542271468247757,1.0,0
Indiana,IN,2016,11.8,4.4,337217.2,7.25,0.11178414495326111,0.1931238001755723,1.0,0
Iowa,IA,2016,9.8,3.6,179939.8,7.25,0.12157773703595007,0.18896674970803523,1.0,0
Kansas,KS,2016,11.2,4.0,159232.8,7.25,0.08720254331733339,0.1376607609339422,0.0,0
Kentucky,KY,2016,15.2,5.1,195840.2,7.25,0.15012092789344827,0.29657548969375297,0.0,0
Louisiana,LA,2016,20.2,6.1,223409.5,7.25,0.1981918007924098,0.31242108233302374,0.5013698630136987,1
Maine,ME,2016,12.7,3.8,59754.2,7.5,0.14214871439334134,0.200457141311949,0.0,0
Maryland,MD,2016,7.1,4.5,387620.2,8.75,0.12398849770368844,0.18954818856156833,1.0,0
Massachusetts,MA,2016,9.6,3.9,519143.5,10.0,0.1141906158735965,0.2666154034639739,1.0,0
Michigan,MI,2016,11.1,5.0,488962.6,8.5,0.14809341092084063,0.23327103540088304,1.0,0
Minnesota,MN,2016,8.7,3.9,341696.3,9.5,0.08669295553080135,0.2064607738472035,1.0,1
Mississippi,MS,2016,21.1,5.8,106492.9,7.25,0.19500337691076589,0.24313523239103355,0.0,0
Missouri,MO,2016,13.0,4.6,297752.6,7.65,0.13318088066060635,0.1605556637071463,0.0,1
Montana,MT,2016,11.7,4.1,45680.3,8.05,0.11204783741121516,0.20021059528716184,1.0,1
Nebraska,NE,2016,9.6,3.1,116879.2,9.0,0.09228039647022275,0.12379094214154374,0.0,0
Nevada,NV,2016,10.1,5.7,150287.3,8.25,0.15073607665027286,0.20271575969396377,1.0,0
New Hampshire,NH,2016,6.4,2.9,78509.0,7.25,0.07335430717414124,0.14134396974760619,1.0,1
New Jersey,NJ,2016,9.4,5.0,581504.4,8.38,0.09920010840026527,0.19087295919534897,1.0,0
New Mexico,NM,2016,17.8,6.6,91240.2,7.5,0.22530132002313985,0.4141635948996715,1.0,0
New York,NY,2016,11.9,4.9,1545987.7,9.0,0.1511823100886916,0.31138754780876776,1.0,1
North Carolina,NC,2016,13.6,5.1,520356.6,7.25,0.15444802983577796,0.19624594821674268,0.0,0
North Dakota,ND,2016,11.1,3.1,50792.3,7.25,0.07191086297807363,0.12383058027607452,1.0,0
Ohio,OH,2016,13.7,5.0,621542.6,8.1,0.13826558722131066,0.259758371102174,1.0,0
Oklahoma,OK,2016,14.6,4.8,177813.0,7.25,0.15609203605095953,0.16881612884904507,0.0,0
Oregon,OR,2016,11.8,4.8,214617.5,9.75,0.17967440395738263,0.25797950892621374,1.0,1
Pennsylvania,PA,2016,11.1,5.4,726884.5,7.25,0.14581410586143703,0.21648994408272393,1.0,1
Rhode Island,RI,2016,11.4,5.2,57529.4,9.6,0.16186587431513005,0.2681803987622661,1.0,1
South Carolina,SC,2016,14.1,5.0,213584.6,7.25,0.1623673246781746,0.2449096081297822,0.0,0
South Dakota,SD,2016,14.5,3.0,48731.3,8.55,0.11122067773199412,0.12553824119694645,0.0,0
Tennessee,TN,2016,14.9,4.7,334435.7,7.25,0.16750366009079132,0.25791580211284665,0.0,0
Texas,TX,2016,13.8,4.6,1567687.1,7.25,0.13500095470403994,0.15420877604076175,0.0,0
Utah,UT,2016,8.6,3.4,157442.7,7.25,0.07226480570491553,0.10950968286592318,0.0,0
Vermont,VT,2016,9.6,3.2,31430.4,9.6,0.1278186567295805,0.32451652110054086,1.0,1
Virginia,VA,2016,11.4,4.1,496570.2,7.25,0.09825726334483775,0.11833536937584378,0.0,1
Washington,WA,2016,11.0,5.3,493634.5,9.47,0.13864890344056036,0.247866314103623,1.0,1
West Virginia,WV,2016,18.0,6.1,70006.2,8.75,0.19526297594295647,0.30892675842957734,1.0,1
Wisconsin,WI,2016,10.7,4.0,313440.2,7.25,0.12612574376869598,0.20692429860368622,0.0,0
Wyoming,WY,2016,10.9,5.3,35704.0,5.15,0.057946132844928666,0.11030528144604299,0.0,0
